,Title,price,price_discount,price_discount_%,brand,model
0,361 Degrees Sensation 4 ,150.0,63.0,53.0,361,Degrees Sensation 4 
1,361 Degrees Strata 3 ,150.0,27.0,83.0,361,Degrees Strata 3 
2,361 Degrees Meraki 2 ,130.0,19.0,85.0,361,Degrees Meraki 2 
3,APL Streamline Lab test ,180.0,120.0,60.0,APL Performance,Streamline Lab test 
4,APL TechLoom Wave ,60.0,92.0,62.0,APL Performance,TechLoom Wave 
5,APL Techloom Zipline ,250.0,144.0,55.0,APL Performance,Techloom Zipline 
6,ASICS Roadhawk FF 2 ,139.0,45.0,55.0,ASICS,Roadhawk FF 2 
7,ASICS Gel Trabuco 9 ,59.0,60.0,54.0,ASICS,Gel Trabuco 9 
8,ASICS Gel Nimbus Lite 2 ,110.0,70.0,53.0,ASICS,Gel Nimbus Lite 2 
9,ASICS Gel Sonoma 6 GTX ,130.0,62.0,31.0,ASICS,Gel Sonoma 6 GTX 
10,ASICS Novablast ,190.0,70.0,46.0,ASICS,Novablast 
11,ASICS Gel Kayano Lite ,100.0,120.0,25.0,ASICS,Gel Kayano Lite 
12,ASICS Gel Noosa Tri 11 ,200.0,100.0,29.0,ASICS,Gel Noosa Tri 11 
13,ASICS Gel Nimbus 25 Lab test ,140.0,123.0,23.0,ASICS,Gel Nimbus 25 Lab test 
14,ASICS GT 4000 ,140.0,78.0,40.0,ASICS,GT 4000 
15,ASICS Noosa Tri 14 Lab test ,150.0,89.0,32.0,ASICS,Noosa Tri 14 Lab test 
16,ASICS Patriot 12 ,110.0,40.0,33.0,ASICS,Patriot 12 
17,ASICS Gel Pulse 13 ,150.0,48.0,47.0,ASICS,Gel Pulse 13 
18,ASICS MetaRide ,65.0,95.0,62.0,ASICS,MetaRide 
19,ASICS Gel Sonoma 5 ,180.0,40.0,50.0,ASICS,Gel Sonoma 5 
20,ASICS Jolt 3 ,86.0,30.0,46.0,ASICS,Jolt 3 
21,ASICS GlideRide 2 ,120.0,80.0,47.0,ASICS,GlideRide 2 
22,ASICS GT 2000 9 ,160.0,53.0,56.0,ASICS,GT 2000 9 
23,ASICS Novablast 2 LE ,200.0,90.0,31.0,ASICS,Novablast 2 LE 
24,ASICS Gel Contend 5 ,130.0,40.0,39.0,ASICS,Gel Contend 5 
25,ASICS Novablast 3 Lab test ,140.0,119.0,15.0,ASICS,Novablast 3 Lab test 
26,ASICS Gel Nimbus 24 Lab test ,130.0,80.0,50.0,ASICS,Gel Nimbus 24 Lab test 
27,ASICS MetaSpeed Sky Lab test ,160.0,110.0,56.0,ASICS,MetaSpeed Sky Lab test 
28,ASICS Gel Trabuco 10 New ,260.0,72.0,45.0,ASICS,Gel Trabuco 10 New 
29,ASICS Hyper Speed ,130.0,55.0,39.0,ASICS,Hyper Speed 
30,ASICS Gel Nimbus Lite ,65.0,35.0,77.0,ASICS,Gel Nimbus Lite 
31,ASICS Gel Kenun Lyte MX ,100.0,65.0,19.0,ASICS,Gel Kenun Lyte MX 
32,ASICS Gel Kayano 28 Lab test ,150.0,80.0,50.0,ASICS,Gel Kayano 28 Lab test 
33,ASICS Gel Kayano 29 Lab test ,160.0,96.0,40.0,ASICS,Gel Kayano 29 Lab test 
34,ASICS Superblast ,200.0,200.0,9.0,ASICS,Superblast 
35,ASICS Trabuco Max ,240.0,72.0,49.0,ASICS,Trabuco Max 
36,ASICS Gel Sonoma 5 GTX ,100.0,0.0,0.0,ASICS,Gel Sonoma 5 GTX 
37,ASICS GT 2000 6 ,75.0,50.0,58.0,ASICS,GT 2000 6 
38,ASICS Gel Nimbus 23 Knit ,175.0,64.0,57.0,ASICS,Gel Nimbus 23 Knit 
39,ASICS FuzeX Rush Adapt ,120.0,70.0,30.0,ASICS,FuzeX Rush Adapt 
40,ASICS Gel Quantum 360 6 ,250.0,57.0,62.0,ASICS,Gel Quantum 360 6 
41,ASICS Noosa Tri 13 ,70.0,95.0,27.0,ASICS,Noosa Tri 13 
42,ASICS Gel Ziruss 2 ,65.0,100.0,29.0,ASICS,Gel Ziruss 2 
43,ASICS Gel Contend 6 ,150.0,50.0,23.0,ASICS,Gel Contend 6 
44,ASICS Novablast 2 Lab test ,65.0,80.0,39.0,ASICS,Novablast 2 Lab test 
45,ASICS Patriot 13 ,200.0,40.0,33.0,ASICS,Patriot 13 
46,ASICS Gel Quantum 360 4 ,85.0,50.0,69.0,ASICS,Gel Quantum 360 4 
47,ASICS Gel Cumulus 24 Lab test ,140.0,63.0,52.0,ASICS,Gel Cumulus 24 Lab test 
48,ASICS GT 2000 9 Trail ,130.0,60.0,50.0,ASICS,GT 2000 9 Trail 
49,ASICS Roadhawk FF 2 MX ,140.0,55.0,45.0,ASICS,Roadhawk FF 2 MX 
50,ASICS Gel Cumulus 22 ,110.0,60.0,50.0,ASICS,Gel Cumulus 22 
51,ASICS Patriot 11 Twist ,140.0,42.0,35.0,ASICS,Patriot 11 Twist 
52,ASICS GT 2000 10 Lab test ,140.0,55.0,45.0,ASICS,GT 2000 10 Lab test 
53,ASICS Gel Cumulus 21 ,140.0,43.0,64.0,ASICS,Gel Cumulus 21 
54,ASICS Gel Kahana 8 ,100.0,50.0,41.0,ASICS,Gel Kahana 8 
55,ASICS Gel Sonoma 6 ,190.0,50.0,38.0,ASICS,Gel Sonoma 6 
56,ASICS Magic Speed 2 Lab test ,100.0,74.0,51.0,ASICS,Magic Speed 2 Lab test 
57,ASICS Gel DS Trainer 26 ,180.0,30.0,77.0,ASICS,Gel DS Trainer 26 
58,ASICS GT 1000 11 Lab test ,130.0,40.0,60.0,ASICS,GT 1000 11 Lab test 
59,ASICS EvoRide 2 ,150.0,49.0,59.0,ASICS,EvoRide 2 
60,ASICS Gel Kumo Lyte 2 ,189.0,47.0,41.0,ASICS,Gel Kumo Lyte 2 
61,ASICS Fuji Lite 2 ,140.0,70.0,42.0,ASICS,Fuji Lite 2 
62,ASICS Versablast 2 ,140.0,42.0,40.0,ASICS,Versablast 2 
63,ASICS Magic Speed Lab test ,160.0,60.0,60.0,ASICS,Magic Speed Lab test 
64,ASICS Frequent Trail ,60.0,35.0,42.0,ASICS,Frequent Trail 
65,ASICS Gel Venture 5 ,140.0,58.0,11.0,ASICS,Gel Venture 5 
66,ASICS Gel Quantum 180 4 ,125.0,45.0,63.0,ASICS,Gel Quantum 180 4 
67,ASICS Gel Quantum 360 5 ,85.0,45.0,70.0,ASICS,Gel Quantum 360 5 
68,ASICS Gel Quantum 90 ,160.0,45.0,50.0,ASICS,Gel Quantum 90 
69,ASICS FuzeX Knit ,160.0,55.0,54.0,ASICS,FuzeX Knit 
70,ASICS Gel Nimbus 19 ,160.0,52.0,68.0,ASICS,Gel Nimbus 19 
71,ASICS Gel Kayano 27 ,160.0,95.0,41.0,ASICS,Gel Kayano 27 
72,ASICS Gel Excite 7 ,150.0,45.0,40.0,ASICS,Gel Excite 7 
73,ASICS Gel Cumulus 23 GTX ,60.0,0.0,0.0,ASICS,Gel Cumulus 23 GTX 
74,ASICS Gel Excite Trail ,120.0,50.0,33.0,ASICS,Gel Excite Trail 
75,ASICS Gel Contend 7 Lab test ,140.0,34.0,48.0,ASICS,Gel Contend 7 Lab test 
76,ASICS Gel Quantum 180 5 ,150.0,40.0,67.0,ASICS,Gel Quantum 180 5 
77,ASICS Roadblast ,170.0,41.0,54.0,ASICS,Roadblast 
78,ASICS GT Xpress 2 New ,150.0,70.0,42.0,ASICS,GT Xpress 2 New 
79,ASICS FuzeTora ,140.0,35.0,61.0,ASICS,FuzeTora 
80,ASICS Gel Jadeite ,130.0,80.0,50.0,ASICS,Gel Jadeite 
81,ASICS Gel Contend 8 Lab test ,65.0,55.0,45.0,ASICS,Gel Contend 8 Lab test 
82,ASICS EvoRide ,120.0,50.0,58.0,ASICS,EvoRide 
83,ASICS Gel Quantum 180 ,110.0,55.0,58.0,ASICS,Gel Quantum 180 
84,ASICS Gel Excite 9 Lab test ,180.0,43.0,43.0,ASICS,Gel Excite 9 Lab test 
85,ASICS Gel Cumulus 19 ,60.0,50.0,58.0,ASICS,Gel Cumulus 19 
86,ASICS Dynablast 3 ,160.0,65.0,35.0,ASICS,Dynablast 3 
87,ASICS Gel Flux 5 ,120.0,49.0,39.0,ASICS,Gel Flux 5 
88,ASICS GT 2000 11 Lab test ,120.0,110.0,21.0,ASICS,GT 2000 11 Lab test 
89,ASICS GT 2000 7 ,120.0,50.0,58.0,ASICS,GT 2000 7 
90,ASICS Gel Noosa Tri 9 ,250.0,0.0,0.0,ASICS,Gel Noosa Tri 9 
91,ASICS Gel Excite 6 ,130.0,57.0,24.0,ASICS,Gel Excite 6 
92,ASICS FuzeTora Twist ,100.0,50.0,44.0,ASICS,FuzeTora Twist 
93,ASICS Gel Pulse 12 ,150.0,40.0,56.0,ASICS,Gel Pulse 12 
94,ASICS Noosa FF ,125.0,109.0,22.0,ASICS,Noosa FF 
95,ASICS EvoRide 3 ,225.0,80.0,33.0,ASICS,EvoRide 3 
96,ASICS Gel Nimbus 23 ,130.0,72.0,52.0,ASICS,Gel Nimbus 23 
97,ASICS Gel Excite 8 Lab test ,120.0,39.0,48.0,ASICS,Gel Excite 8 Lab test 
98,ASICS Gel Venture 8 ,160.0,47.0,33.0,ASICS,Gel Venture 8 
99,ASICS GT 800 ,200.0,50.0,44.0,ASICS,GT 800 
100,ASICS Patriot 10 ,100.0,45.0,25.0,ASICS,Patriot 10 
101,ASICS Gel Cumulus 20 ,100.0,43.0,64.0,ASICS,Gel Cumulus 20 
102,ASICS Gel Kenun Knit ,180.0,66.0,49.0,ASICS,Gel Kenun Knit 
103,ASICS MetaRacer ,150.0,108.0,46.0,ASICS,MetaRacer 
104,ASICS Versablast ,200.0,42.0,40.0,ASICS,Versablast 
105,ASICS Gel Cumulus 18 ,115.0,50.0,58.0,ASICS,Gel Cumulus 18 
106,ASICS Gel DS Trainer 25 ,110.0,78.0,40.0,ASICS,Gel DS Trainer 25 
107,ASICS Gel Kayano 24 ,140.0,80.0,50.0,ASICS,Gel Kayano 24 
108,ASICS GT 1000 8 ,155.0,0.0,0.0,ASICS,GT 1000 8 
109,ASICS HyperGel SAI ,140.0,30.0,75.0,ASICS,HyperGel SAI 
110,ASICS GT 2000 8 ,300.0,60.0,50.0,ASICS,GT 2000 8 
111,ASICS GlideRide 3 Lab test ,80.0,115.0,23.0,ASICS,GlideRide 3 Lab test 
112,ASICS Gel Cumulus 25 New Lab test ,100.0,0.0,0.0,ASICS,Gel Cumulus 25 New Lab test 
113,ASICS Dynablast ,170.0,50.0,55.0,ASICS,Dynablast 
114,ASICS Gel Flux 4 ,55.0,85.0,15.0,ASICS,Gel Flux 4 
115,ASICS Gel Kayano 25 ,130.0,62.0,61.0,ASICS,Gel Kayano 25 
116,ASICS Gel Cumulus 23 Lab test ,130.0,70.0,42.0,ASICS,Gel Cumulus 23 Lab test 
117,ASICS Gel Pulse 11 Lab test ,100.0,69.0,23.0,ASICS,Gel Pulse 11 Lab test 
118,ASICS Fuji Lite 3 ,134.0,63.0,48.0,ASICS,Fuji Lite 3 
119,ASICS Gel Scram 6 ,60.0,40.0,47.0,ASICS,Gel Scram 6 
120,ASICS Gel FujiTrabuco 8 ,120.0,100.0,23.0,ASICS,Gel FujiTrabuco 8 
121,ASICS Metaspeed Sky+ Lab test ,130.0,0.0,0.0,ASICS,Metaspeed Sky+ Lab test 
122,ASICS GT 1000 6 ,135.0,50.0,44.0,ASICS,GT 1000 6 
123,ASICS Gel Quantum Lyte ,110.0,45.0,36.0,ASICS,Gel Quantum Lyte 
124,ASICS Trail Scout 2 Lab test ,140.0,39.0,35.0,ASICS,Trail Scout 2 Lab test 
125,ASICS Gel Kenun Lyte ,105.0,30.0,63.0,ASICS,Gel Kenun Lyte 
126,ASICS Trail Scout ,60.0,52.0,13.0,ASICS,Trail Scout 
127,ASICS Metarun ,180.0,94.0,62.0,ASICS,Metarun 
128,ASICS GT 1000 10 Lab test ,100.0,54.0,46.0,ASICS,GT 1000 10 Lab test 
129,ASICS Gel Nimbus 20 ,140.0,52.0,68.0,ASICS,Gel Nimbus 20 
130,ASICS Tartheredge ,150.0,69.0,47.0,ASICS,Tartheredge 
131,ASICS Novablast 3 TR ,250.0,0.0,0.0,ASICS,Novablast 3 TR 
132,ASICS Gel Nimbus Lite 3 Lab test ,60.0,80.0,50.0,ASICS,Gel Nimbus Lite 3 Lab test 
133,ASICS Gel Ziruss 3 ,131.0,66.0,53.0,ASICS,Gel Ziruss 3 
134,ASICS Gel Nimbus 21 ,110.0,54.0,64.0,ASICS,Gel Nimbus 21 
135,ASICS Metaspeed Edge Lab test ,150.0,110.0,56.0,ASICS,Metaspeed Edge Lab test 
136,ASICS GT 1000 9 Lab test ,220.0,73.0,27.0,ASICS,GT 1000 9 Lab test 
137,ASICS GlideRide ,130.0,72.0,52.0,ASICS,GlideRide 
138,ASICS Gel Kinsei Blast ,90.0,113.0,37.0,ASICS,Gel Kinsei Blast 
139,ASICS Dynablast 2 ,150.0,46.0,54.0,ASICS,Dynablast 2 
140,ASICS Metaspeed Edge+ Lab test ,160.0,0.0,0.0,ASICS,Metaspeed Edge+ Lab test 
141,ASICS GT 1000 7 ,130.0,55.0,39.0,ASICS,GT 1000 7 
142,ASICS Gel Kayano Lite 3 Lab test ,180.0,110.0,31.0,ASICS,Gel Kayano Lite 3 Lab test 
143,ASICS Jolt 2 ,129.0,35.0,36.0,ASICS,Jolt 2 
144,ASICS Gel Kayano 26 ,170.0,89.0,44.0,ASICS,Gel Kayano 26 
145,ASICS DynaFlyte ,100.0,47.0,66.0,ASICS,DynaFlyte 
146,ASICS Gel Contend 4 ,120.0,50.0,29.0,ASICS,Gel Contend 4 
147,ASICS HyperGel Yu ,150.0,60.0,40.0,ASICS,HyperGel Yu 
148,ASICS Alpine XT ,130.0,62.0,38.0,ASICS,Alpine XT 
149,ASICS Gel Venture 7 ,130.0,40.0,43.0,ASICS,Gel Venture 7 
150,ASICS Gel Kayano Lite 2 Lab test ,172.0,70.0,56.0,ASICS,Gel Kayano Lite 2 Lab test 
151,ASICS Gel Nimbus 22 ,230.0,135.0,10.0,ASICS,Gel Nimbus 22 
152,Adidas Edge Lux 4 ,140.0,36.0,58.0,Adidas,Edge Lux 4 
153,Adidas Terrex Agravic ,120.0,90.0,33.0,Adidas,Terrex Agravic 
154,Adidas Terrex Speed Pro ,82.0,0.0,0.0,Adidas,Terrex Speed Pro 
155,Adidas Adistar 2.0 New Lab test ,130.0,90.0,31.0,Adidas,Adistar 2.0 New Lab test 
156,Adidas Asweego ,160.0,55.0,31.0,Adidas,Asweego 
157,Adidas Ultra 4D 5.0 ,120.0,150.0,25.0,Adidas,Ultra 4D 5.0 
158,Adidas Lite Racer BYD 2.0 ,186.0,0.0,0.0,Adidas,Lite Racer BYD 2.0 
159,Adidas 4DFWD Pulse ,300.0,71.0,65.0,Adidas,4DFWD Pulse 
160,Adidas Adizero RC 2 ,50.0,64.0,36.0,Adidas,Adizero RC 2 
161,Adidas Questar Lab test ,70.0,47.0,37.0,Adidas,Questar Lab test 
162,Adidas Galaxy 6 ,80.0,52.0,13.0,Adidas,Galaxy 6 
163,Adidas Terrex Two Parley ,130.0,70.0,44.0,Adidas,Terrex Two Parley 
164,Adidas Adizero Adios 7 Lab test ,65.0,45.0,65.0,Adidas,Adizero Adios 7 Lab test 
165,Adidas Adizero Sub 2 ,65.0,87.0,52.0,Adidas,Adizero Sub 2 
166,Adidas Terrex Skychaser GTX ,275.0,0.0,0.0,Adidas,Terrex Skychaser GTX 
167,Adidas Edge Lux 3 ,120.0,51.0,40.0,Adidas,Edge Lux 3 
168,Adidas Pureboost 21 ,180.0,33.0,75.0,Adidas,Pureboost 21 
169,Adidas Response Trail X ,150.0,45.0,40.0,Adidas,Response Trail X 
170,Adidas Solarboost 3 ,60.0,0.0,0.0,Adidas,Solarboost 3 
171,Adidas Duramo 10 Lab test ,140.0,33.0,49.0,Adidas,Duramo 10 Lab test 
172,Adidas Adistar Lab test ,160.0,50.0,62.0,Adidas,Adistar Lab test 
173,Adidas Runfalcon Lab test ,262.0,0.0,0.0,Adidas,Runfalcon Lab test 
174,Adidas Terrex Skychaser ,130.0,0.0,0.0,Adidas,Terrex Skychaser 
175,Adidas Adizero Pro ,75.0,87.0,52.0,Adidas,Adizero Pro 
176,Adidas Pulseboost HD Winter ,60.0,74.0,47.0,Adidas,Pulseboost HD Winter 
177,Adidas Terrex Speed Ultra Lab test ,200.0,62.0,61.0,Adidas,Terrex Speed Ultra Lab test 
178,Adidas Terrex Agravic Ultra ,90.0,48.0,70.0,Adidas,Terrex Agravic Ultra 
179,Adidas Adizero Boston 9 ,90.0,54.0,55.0,Adidas,Adizero Boston 9 
180,Adidas Ultraboost Summer.RDY ,180.0,53.0,71.0,Adidas,Ultraboost Summer.RDY 
181,Adidas Tracerocker ,216.0,0.0,0.0,Adidas,Tracerocker 
182,Adidas Edge Luxe ,151.0,44.0,48.0,Adidas,Edge Luxe 
183,Adidas Alphabounce Beyond ,120.0,100.0,17.0,Adidas,Alphabounce Beyond 
184,Adidas Alphabounce ,140.0,34.0,66.0,Adidas,Alphabounce 
185,Adidas Terrex Two Ultra ,170.0,110.0,39.0,Adidas,Terrex Two Ultra 
186,Adidas Alphabounce Instinct ,160.0,65.0,46.0,Adidas,Alphabounce Instinct 
187,Adidas Ultraboost 22 Lab test ,140.0,58.0,70.0,Adidas,Ultraboost 22 Lab test 
188,Adidas Questar Flow NXT ,80.0,0.0,0.0,Adidas,Questar Flow NXT 
189,Adidas EQ19 ,100.0,42.0,40.0,Adidas,EQ19 
190,Adidas Adizero Adios 5 ,150.0,52.0,63.0,Adidas,Adizero Adios 5 
191,Adidas Fluidstreet ,65.0,39.0,40.0,Adidas,Fluidstreet 
192,Adidas Ultraboost 21 GTX New ,140.0,0.0,0.0,Adidas,Ultraboost 21 GTX New 
193,Adidas Terrex Agravic Tech Pro ,125.0,0.0,0.0,Adidas,Terrex Agravic Tech Pro 
194,Adidas 4DFWD 2 Lab test ,120.0,120.0,40.0,Adidas,4DFWD 2 Lab test 
195,Adidas Supernova+ Lab test ,130.0,56.0,53.0,Adidas,Supernova+ Lab test 
196,Adidas Ultraboost DNA 1.0 ,135.0,98.0,46.0,Adidas,Ultraboost DNA 1.0 
197,Adidas Ultraboost 21 Lab test ,130.0,57.0,68.0,Adidas,Ultraboost 21 Lab test 
198,Adidas Pureboost Go ,160.0,84.0,30.0,Adidas,Pureboost Go 
199,Adidas Racer TR21 ,170.0,36.0,52.0,Adidas,Racer TR21 
200,Adidas Alphatorsion ,245.0,78.0,22.0,Adidas,Alphatorsion 
201,Adidas Terrex Agravic Flow ,80.0,72.0,45.0,Adidas,Terrex Agravic Flow 
202,Adidas Terrex Tracerocker GTX ,110.0,0.0,0.0,Adidas,Terrex Tracerocker GTX 
203,Adidas Senseboost Go ,130.0,58.0,52.0,Adidas,Senseboost Go 
204,Adidas Adizero Adios Pro 2.0 Lab test ,275.0,118.0,46.0,Adidas,Adizero Adios Pro 2.0 Lab test 
205,Adidas Ultraboost Guard ,130.0,120.0,33.0,Adidas,Ultraboost Guard 
206,Adidas Terrex Two BOA ,55.0,0.0,0.0,Adidas,Terrex Two BOA 
207,Adidas Runfalcon 2.0 Lab test ,150.0,33.0,45.0,Adidas,Runfalcon 2.0 Lab test 
208,Adidas Fluidflow ,135.0,48.0,40.0,Adidas,Fluidflow 
209,Adidas SolarGlide 4 ,135.0,90.0,36.0,Adidas,SolarGlide 4 
210,Adidas Ultraboost Light New ,100.0,94.0,51.0,Adidas,Ultraboost Light New 
211,Adidas Climacool Ventania ,125.0,53.0,47.0,Adidas,Climacool Ventania 
212,Adidas Rockadia Trail 3 ,100.0,51.0,22.0,Adidas,Rockadia Trail 3 
213,Adidas 4D ,170.0,0.0,0.0,Adidas,4D 
214,Adidas Alphabounce+ ,250.0,47.0,53.0,Adidas,Alphabounce+ 
215,Adidas 4DFWD Lab test ,160.0,120.0,40.0,Adidas,4DFWD Lab test 
216,Adidas Ultraboost DNA ,160.0,59.0,67.0,Adidas,Ultraboost DNA 
217,Adidas Supernova ST ,117.0,35.0,73.0,Adidas,Supernova ST 
218,Adidas Runfalcon 2.0 TR ,120.0,41.0,32.0,Adidas,Runfalcon 2.0 TR 
219,Adidas ZNCHILL Lightmotion+ New ,120.0,48.0,60.0,Adidas,ZNCHILL Lightmotion+ New 
220,Adidas Galaxy 4 ,220.0,33.0,18.0,Adidas,Galaxy 4 
221,Adidas Adizero SL ,150.0,60.0,50.0,Adidas,Adizero SL 
222,Adidas Duramo 9 ,130.0,55.0,15.0,Adidas,Duramo 9 
223,Adidas Ultraboost 4.0 DNA ,125.0,76.0,58.0,Adidas,Ultraboost 4.0 DNA 
224,Adidas Solar Glide ,135.0,60.0,57.0,Adidas,Solar Glide 
225,Adidas Sensebounce+ ,115.0,35.0,65.0,Adidas,Sensebounce+ 
226,Adidas Adizero Takumi Sen 9 New ,120.0,99.0,45.0,Adidas,Adizero Takumi Sen 9 New 
227,Adidas Adizero Prime X ,130.0,70.0,72.0,Adidas,Adizero Prime X 
228,Adidas Solar Glide ST ,120.0,45.0,70.0,Adidas,Solar Glide ST 
229,Adidas Pureboost 22 ,150.0,56.0,60.0,Adidas,Pureboost 22 
230,Adidas Terrex Agravic Pro ,80.0,75.0,66.0,Adidas,Terrex Agravic Pro 
231,Adidas Solarglide 5 ,200.0,45.0,65.0,Adidas,Solarglide 5 
232,Adidas Adizero Prime X Strung ,100.0,230.0,23.0,Adidas,Adizero Prime X Strung 
233,Adidas SL20.3 ,140.0,38.0,66.0,Adidas,SL20.3 
234,Adidas Terrex Two ,90.0,60.0,40.0,Adidas,Terrex Two 
235,Adidas Pureboost ,150.0,70.0,50.0,Adidas,Pureboost 
236,Adidas Ultraboost X ,180.0,75.0,58.0,Adidas,Ultraboost X 
237,Adidas Terrex Two Flow ,200.0,47.0,57.0,Adidas,Terrex Two Flow 
238,Adidas 90s Valasion ,155.0,38.0,53.0,Adidas,90s Valasion 
239,Adidas Ultraboost 20 ,180.0,140.0,22.0,Adidas,Ultraboost 20 
240,Adidas Ultraboost S&L ,250.0,120.0,33.0,Adidas,Ultraboost S&L 
241,Adidas Ultraboost 5.0 DNA ,220.0,45.0,75.0,Adidas,Ultraboost 5.0 DNA 
242,Adidas Ultra 4D ,150.0,163.0,26.0,Adidas,Ultra 4D 
243,Adidas Ultraboost 19 ,150.0,48.0,73.0,Adidas,Ultraboost 19 
244,Adidas Terrex Tracerocker ,152.0,67.0,16.0,Adidas,Terrex Tracerocker 
245,Adidas Energy Falcon X ,130.0,55.0,21.0,Adidas,Energy Falcon X 
246,Adidas Supernova 2 ,100.0,41.0,59.0,Adidas,Supernova 2 
247,Adidas Terrex Agravic BOA ,231.0,132.0,12.0,Adidas,Terrex Agravic BOA 
248,Adidas Cloudfoam Pure 2.0 ,150.0,34.0,55.0,Adidas,Cloudfoam Pure 2.0 
249,Adidas Edgebounce 1.5 ,60.0,49.0,46.0,Adidas,Edgebounce 1.5 
250,Adidas Adizero Adios Pro 3 ,80.0,124.0,50.0,Adidas,Adizero Adios Pro 3 
251,Adidas Solar Boost 19 ,130.0,49.0,69.0,Adidas,Solar Boost 19 
252,Adidas Ultraboost 22 Cold.RDY New ,120.0,63.0,71.0,Adidas,Ultraboost 22 Cold.RDY New 
253,Adidas Ultraboost PB ,130.0,71.0,61.0,Adidas,Ultraboost PB 
254,Adidas Ultraboost 22 GTX New ,80.0,57.0,75.0,Adidas,Ultraboost 22 GTX New 
255,Adidas Adizero Boston 10 ,120.0,60.0,57.0,Adidas,Adizero Boston 10 
256,Adidas SL20.2 ,150.0,40.0,64.0,Adidas,SL20.2 
257,Adidas Astrarun ,145.0,40.0,60.0,Adidas,Astrarun 
258,Adidas Solarboost 4 ,140.0,50.0,69.0,Adidas,Solarboost 4 
259,Adidas AlphaEdge 4D ,110.0,114.0,62.0,Adidas,AlphaEdge 4D 
260,Adidas Solar Drive 19 ,176.0,42.0,65.0,Adidas,Solar Drive 19 
261,Adidas Adizero Adios Pro ,130.0,135.0,33.0,Adidas,Adizero Adios Pro 
262,Adidas SL20 ,150.0,41.0,66.0,Adidas,SL20 
263,Adidas EQ21 ,180.0,37.0,54.0,Adidas,EQ21 
264,Adidas Terrex Agravic Flow 2 ,140.0,50.0,64.0,Adidas,Terrex Agravic Flow 2 
265,Adidas EQ21 Run Cold.RDY ,160.0,38.0,55.0,Adidas,EQ21 Run Cold.RDY 
266,Adidas Adizero Prime LTD ,130.0,43.0,79.0,Adidas,Adizero Prime LTD 
267,Adidas Alphaboost V1 New ,160.0,59.0,51.0,Adidas,Alphaboost V1 New 
268,Adidas Alphaboost ,140.0,75.0,50.0,Adidas,Alphaboost 
269,Adidas Adizero Boston 11 ,180.0,79.0,51.0,Adidas,Adizero Boston 11 
270,Adidas Purebounce+ ,130.0,39.0,61.0,Adidas,Purebounce+ 
271,Adidas Terrex Two Ultra Parley ,100.0,88.0,51.0,Adidas,Terrex Two Ultra Parley 
272,Adidas Adistar CS ,75.0,76.0,53.0,Adidas,Adistar CS 
273,Adidas Adizero Takumi Sen 8 ,150.0,100.0,44.0,Adidas,Adizero Takumi Sen 8 
274,Adidas Speedmotion ,86.0,46.0,46.0,Adidas,Speedmotion 
275,Adidas Fluidflow 2.0 ,150.0,39.0,51.0,Adidas,Fluidflow 2.0 
276,Adidas Terrex Soulstride ,170.0,35.0,56.0,Adidas,Terrex Soulstride 
277,Adidas Ultra 4DFWD ,130.0,121.0,45.0,Adidas,Ultra 4DFWD 
278,Adidas Pureboost X ,150.0,0.0,0.0,Adidas,Pureboost X 
279,Adidas Adizero Adios 6 ,70.0,51.0,58.0,Adidas,Adizero Adios 6 
280,Adidas By Stella McCartney Ultraboost 22 New ,170.0,87.0,65.0,Adidas,By Stella McCartney Ultraboost 22 New 
281,Adidas Galaxy 5 ,125.0,0.0,0.0,Adidas,Galaxy 5 
282,Adidas Pulseboost HD ,70.0,78.0,44.0,Adidas,Pulseboost HD 
283,Adidas Response Super 2.0 ,180.0,39.0,57.0,Adidas,Response Super 2.0 
284,Adidas Ultraboost Uncaged ,140.0,100.0,44.0,Adidas,Ultraboost Uncaged 
285,Adidas Solar Boost ,150.0,44.0,73.0,Adidas,Solar Boost 
286,Allbirds Tree Dasher 2.0 ,117.0,79.0,42.0,Allbirds,Tree Dasher 2.0 
287,Allbirds Tree Dasher Lab test ,130.0,99.0,21.0,Allbirds,Tree Dasher Lab test 
288,Altra Timp 3 ,120.0,94.0,33.0,Altra,Timp 3 
289,Altra Rivera 2 Lab test ,110.0,54.0,59.0,Altra,Rivera 2 Lab test 
290,Altra Torin 4 ,120.0,0.0,0.0,Altra,Torin 4 
291,Altra Provision 5 ,135.0,62.0,61.0,Altra,Provision 5 
292,Altra Escalante 3 Lab test ,140.0,79.0,44.0,Altra,Escalante 3 Lab test 
293,Altra Escalante 2.5 ,100.0,85.0,35.0,Altra,Escalante 2.5 
294,Altra Torin 5 ,150.0,52.0,65.0,Altra,Torin 5 
295,Altra Solstice ,130.0,0.0,0.0,Altra,Solstice 
296,Altra Paradigm 5.0 ,140.0,67.0,55.0,Altra,Paradigm 5.0 
297,Altra Escalante Racer 19 ,70.0,0.0,0.0,Altra,Escalante Racer 19 
298,Altra Torin 6 Lab test ,130.0,65.0,57.0,Altra,Torin 6 Lab test 
299,Altra Paradigm 6.0 ,140.0,100.0,38.0,Altra,Paradigm 6.0 
300,Altra Mont Blanc Lab test ,120.0,0.0,0.0,Altra,Mont Blanc Lab test 
301,Altra Superior 5 ,70.0,60.0,50.0,Altra,Superior 5 
302,Altra Mont Blanc BOA ,150.0,0.0,0.0,Altra,Mont Blanc BOA 
303,Altra Timp 1.5 ,150.0,0.0,0.0,Altra,Timp 1.5 
304,Altra Rivera ,160.0,50.0,62.0,Altra,Rivera 
305,Altra Vanish Tempo ,170.0,76.0,60.0,Altra,Vanish Tempo 
306,Altra King MT ,140.0,0.0,0.0,Altra,King MT 
307,Altra Olympus 4.0 ,140.0,90.0,47.0,Altra,Olympus 4.0 
308,Altra Olympus 3.5 ,80.0,0.0,0.0,Altra,Olympus 3.5 
309,Altra Timp 2 ,150.0,92.0,34.0,Altra,Timp 2 
310,Altra Provision 7 ,80.0,110.0,21.0,Altra,Provision 7 
311,Altra Timp 4 Lab test ,150.0,80.0,50.0,Altra,Timp 4 Lab test 
312,Altra Lone Peak 6 Lab test ,155.0,75.0,46.0,Altra,Lone Peak 6 Lab test 
313,Altra Escalante Racer ,120.0,0.0,0.0,Altra,Escalante Racer 
314,Altra Vanish Carbon ,100.0,220.0,8.0,Altra,Vanish Carbon 
315,Altra Escalante 2.0 ,170.0,110.0,15.0,Altra,Escalante 2.0 
316,Altra Lone Peak 4.5 ,80.0,0.0,0.0,Altra,Lone Peak 4.5 
317,Altra Timp ,260.0,0.0,0.0,Altra,Timp 
318,Altra Viho ,100.0,0.0,0.0,Altra,Viho 
319,Altra Outroad Lab test ,220.0,65.0,54.0,Altra,Outroad Lab test 
320,Altra Duo ,120.0,0.0,0.0,Altra,Duo 
321,Altra Superior 4.5 ,140.0,80.0,27.0,Altra,Superior 4.5 
322,Altra Olympus 5 Lab test ,100.0,113.0,37.0,Altra,Olympus 5 Lab test 
323,Altra Escalante ,160.0,0.0,0.0,Altra,Escalante 
324,Altra Lone Peak 5.0 Lab test ,120.0,85.0,35.0,Altra,Lone Peak 5.0 Lab test 
325,Altra VIA Olympus Lab test ,120.0,0.0,0.0,Altra,VIA Olympus Lab test 
326,Altra Lone Peak 7 Lab test ,200.0,131.0,13.0,Altra,Lone Peak 7 Lab test 
327,Altra Torin 5 Luxe ,215.0,104.0,35.0,Altra,Torin 5 Luxe 
328,Altra Provision 6 Lab test ,180.0,60.0,57.0,Altra,Provision 6 Lab test 
329,Altra Rivera 3 ,75.0,0.0,0.0,Altra,Rivera 3 
330,Arc'teryx Norvan SL 2 ,90.0,0.0,0.0,Arc'teryx,Norvan SL 2 
331,Arc'teryx Norvan SL ,105.0,105.0,30.0,Arc'teryx,Norvan SL 
332,Arc'teryx Norvan LD 3 ,120.0,149.0,10.0,Arc'teryx,Norvan LD 3 
333,Brooks Ghost 15 ,100.0,0.0,0.0,Brooks,Ghost 15 
334,Brooks Levitate GTS 6 ,135.0,0.0,0.0,Brooks,Levitate GTS 6 
335,Brooks Ricochet ,120.0,61.0,49.0,Brooks,Ricochet 
336,Brooks Glycerin 16 ,150.0,98.0,35.0,Brooks,Glycerin 16 
337,Brooks Ricochet 3 Lab test ,160.0,70.0,42.0,Brooks,Ricochet 3 Lab test 
338,Brooks Levitate ,130.0,69.0,54.0,Brooks,Levitate 
339,Brooks Ravenna 9 ,150.0,100.0,9.0,Brooks,Ravenna 9 
340,Brooks Adrenaline GTS 19 ,140.0,0.0,0.0,Brooks,Adrenaline GTS 19 
341,Brooks Revel 4 ,130.0,70.0,30.0,Brooks,Revel 4 
342,Brooks Divide ,75.0,0.0,0.0,Brooks,Divide 
343,Brooks Aurora-BL ,220.0,0.0,0.0,Brooks,Aurora-BL 
344,Brooks Ghost 8 ,90.0,0.0,0.0,Brooks,Ghost 8 
345,Brooks Revel ,80.0,0.0,0.0,Brooks,Revel 
346,Brooks Caldera 6 ,140.0,135.0,10.0,Brooks,Caldera 6 
347,Brooks Glycerin Stealthfit GTS 20 New ,150.0,0.0,0.0,Brooks,Glycerin Stealthfit GTS 20 New 
348,Brooks Ravenna 10 ,160.0,50.0,55.0,Brooks,Ravenna 10 
349,Brooks Hyperion ,100.0,116.0,11.0,Brooks,Hyperion 
350,Brooks Levitate Stealthfit 5 ,130.0,70.0,53.0,Brooks,Levitate Stealthfit 5 
351,Brooks Ghost 12 ,120.0,106.0,19.0,Brooks,Ghost 12 
352,Brooks Glycerin GTS 20 ,120.0,0.0,0.0,Brooks,Glycerin GTS 20 
353,Brooks Ravenna 11 ,125.0,90.0,18.0,Brooks,Ravenna 11 
354,Brooks Ghost 7 ,100.0,0.0,0.0,Brooks,Ghost 7 
355,Brooks Launch 8 Lab test ,160.0,60.0,40.0,Brooks,Launch 8 Lab test 
356,Brooks Anthem 3 ,245.0,65.0,24.0,Brooks,Anthem 3 
357,Brooks Glycerin GTS 19 ,160.0,99.0,34.0,Brooks,Glycerin GTS 19 
358,Brooks Bedlam 2 ,150.0,0.0,0.0,Brooks,Bedlam 2 
359,Brooks Caldera 4 ,150.0,65.0,54.0,Brooks,Caldera 4 
360,Brooks Revel 3 ,130.0,0.0,0.0,Brooks,Revel 3 
361,Brooks Catamount 2 ,140.0,161.0,5.0,Brooks,Catamount 2 
362,Brooks Divide 2 ,150.0,50.0,50.0,Brooks,Divide 2 
363,Brooks Trace 2 ,160.0,80.0,20.0,Brooks,Trace 2 
364,Brooks Anthem 5 ,65.0,0.0,0.0,Brooks,Anthem 5 
365,Brooks Hyperion Elite 2 ,160.0,175.0,30.0,Brooks,Hyperion Elite 2 
366,Brooks Caldera 5 ,130.0,60.0,57.0,Brooks,Caldera 5 
367,Brooks Levitate 4 ,150.0,62.0,59.0,Brooks,Levitate 4 
368,Brooks Launch 6 ,110.0,82.0,18.0,Brooks,Launch 6 
369,Brooks Trace ,165.0,70.0,30.0,Brooks,Trace 
370,Brooks Revel 2 ,155.0,0.0,0.0,Brooks,Revel 2 
371,Brooks Launch 7 ,130.0,55.0,45.0,Brooks,Launch 7 
372,Brooks Glycerin 18 ,140.0,77.0,49.0,Brooks,Glycerin 18 
373,Brooks Addiction 13 ,160.0,59.0,55.0,Brooks,Addiction 13 
374,Brooks Cascadia 14 ,135.0,0.0,0.0,Brooks,Cascadia 14 
375,Brooks Signal 3 ,120.0,70.0,18.0,Brooks,Signal 3 
376,Brooks Glycerin 17 ,130.0,0.0,0.0,Brooks,Glycerin 17 
377,Brooks Anthem 4 Lab test ,170.0,65.0,24.0,Brooks,Anthem 4 Lab test 
378,Brooks Levitate 3 ,115.0,0.0,0.0,Brooks,Levitate 3 
379,Brooks Glycerin Stealthfit 20 ,120.0,0.0,0.0,Brooks,Glycerin Stealthfit 20 
380,Brooks Adrenaline GTS 22 Lab test ,145.0,89.0,36.0,Brooks,Adrenaline GTS 22 Lab test 
381,Brooks Adrenaline GTS 20 ,150.0,0.0,0.0,Brooks,Adrenaline GTS 20 
382,Brooks Cascadia 15 GTX ,155.0,0.0,0.0,Brooks,Cascadia 15 GTX 
383,Brooks Pureflow 7 ,165.0,0.0,0.0,Brooks,Pureflow 7 
384,Brooks Caldera ,130.0,0.0,0.0,Brooks,Caldera 
385,Brooks Adrenaline GTS 18 ,130.0,0.0,0.0,Brooks,Adrenaline GTS 18 
386,Brooks Launch GTS 8 ,165.0,65.0,35.0,Brooks,Launch GTS 8 
387,Brooks Addiction 14 ,90.0,80.0,39.0,Brooks,Addiction 14 
388,Brooks Dyad 11 ,135.0,0.0,0.0,Brooks,Dyad 11 
389,Brooks Hyperion Elite 3 ,150.0,130.0,48.0,Brooks,Hyperion Elite 3 
390,Brooks Hyperion Max ,130.0,0.0,0.0,Brooks,Hyperion Max 
391,Brooks Levitate 5 Lab test ,225.0,70.0,53.0,Brooks,Levitate 5 Lab test 
392,Brooks Bedlam 3 ,120.0,99.0,34.0,Brooks,Bedlam 3 
393,Brooks Cascadia 16 GTX ,160.0,120.0,25.0,Brooks,Cascadia 16 GTX 
394,Brooks Hyperion Elite ,90.0,0.0,0.0,Brooks,Hyperion Elite 
395,Brooks Ghost 9 ,100.0,0.0,0.0,Brooks,Ghost 9 
396,Brooks Levitate 2 ,160.0,60.0,60.0,Brooks,Levitate 2 
397,Brooks Ghost 13 ,75.0,85.0,35.0,Brooks,Ghost 13 
398,Brooks Levitate GTS 5 ,100.0,79.0,47.0,Brooks,Levitate GTS 5 
399,Brooks Hyperion Tempo ,160.0,93.0,38.0,Brooks,Hyperion Tempo 
400,Brooks Revel 5 Lab test ,160.0,66.0,34.0,Brooks,Revel 5 Lab test 
401,Brooks Dyad 10 ,200.0,120.0,8.0,Brooks,Dyad 10 
402,Brooks Ghost 11 ,140.0,0.0,0.0,Brooks,Ghost 11 
403,Brooks Transcend 7 ,70.0,80.0,50.0,Brooks,Transcend 7 
404,Brooks Ricochet 2 ,150.0,100.0,17.0,Brooks,Ricochet 2 
405,Brooks Glycerin 15 ,120.0,0.0,0.0,Brooks,Glycerin 15 
406,Brooks Addiction GTS 15 ,270.0,120.0,14.0,Brooks,Addiction GTS 15 
407,Brooks Ghost 14 Lab test ,140.0,90.0,36.0,Brooks,Ghost 14 Lab test 
408,Brooks Range 2 ,200.0,70.0,7.0,Brooks,Range 2 
409,Brooks Ariel 20 ,130.0,150.0,6.0,Brooks,Ariel 20 
410,Brooks Cascadia 16 Lab test ,140.0,100.0,23.0,Brooks,Cascadia 16 Lab test 
411,Brooks Levitate 6 ,275.0,105.0,30.0,Brooks,Levitate 6 
412,Brooks Ghost 10 ,140.0,0.0,0.0,Brooks,Ghost 10 
413,Brooks Launch GTS 9 ,110.0,70.0,36.0,Brooks,Launch GTS 9 
414,Brooks Glycerin 19 Lab test ,110.0,70.0,53.0,Brooks,Glycerin 19 Lab test 
415,Brooks Divide 3 ,100.0,70.0,30.0,Brooks,Divide 3 
416,Brooks Anthem ,160.0,0.0,0.0,Brooks,Anthem 
417,Brooks Launch 5 ,159.0,0.0,0.0,Brooks,Launch 5 
418,Brooks Bedlam ,100.0,87.0,42.0,Brooks,Bedlam 
419,Brooks Ghost 14 GTX ,90.0,120.0,25.0,Brooks,Ghost 14 GTX 
420,Brooks Transmit 3 ,145.0,73.0,27.0,Brooks,Transmit 3 
421,Brooks Cascadia 15 ,135.0,66.0,49.0,Brooks,Cascadia 15 
422,Brooks Launch 9 Lab test ,160.0,70.0,36.0,Brooks,Launch 9 Lab test 
423,Brooks Levitate Stealthfit 6 New ,160.0,0.0,0.0,Brooks,Levitate Stealthfit 6 New 
424,Brooks Glycerin 20 Lab test ,190.0,120.0,25.0,Brooks,Glycerin 20 Lab test 
425,Brooks Revel 6 ,170.0,70.0,30.0,Brooks,Revel 6 
426,Brooks Catamount ,120.0,80.0,50.0,Brooks,Catamount 
427,Columbia Caldorado III OutDry ,65.0,0.0,0.0,Columbia,Caldorado III OutDry 
428,Columbia FKT ,80.0,40.0,68.0,Columbia,FKT 
429,Diadora Mythos Blushield Volo ,240.0,60.0,56.0,Diadora,Mythos Blushield Volo 
430,Diadora Mythos Blushield 6 ,160.0,54.0,63.0,Diadora,Mythos Blushield 6 
431,Dynafit Alpine ,130.0,77.0,45.0,Dynafit,Alpine 
432,Dynafit Ultra 100 ,140.0,80.0,43.0,Dynafit,Ultra 100 
433,Hoka Clifton 5 ,50.0,99.0,24.0,Hoka,Clifton 5 
434,Hoka Bondi X Lab test ,100.0,0.0,0.0,Hoka,Bondi X Lab test 
435,Hoka Rocket X ,100.0,135.0,25.0,Hoka,Rocket X 
436,Hoka Carbon X 3 Lab test ,250.0,0.0,0.0,Hoka,Carbon X 3 Lab test 
437,Hoka Kawana Lab test ,140.0,0.0,0.0,Hoka,Kawana Lab test 
438,Hoka Speedgoat Mid 2 GTX ,75.0,0.0,0.0,Hoka,Speedgoat Mid 2 GTX 
439,Hoka Rincon 3 ,160.0,0.0,0.0,Hoka,Rincon 3 
440,Hoka Arahi 4 ,419.0,105.0,19.0,Hoka,Arahi 4 
441,Hoka Mach 5 Lab test ,165.0,98.0,30.0,Hoka,Mach 5 Lab test 
442,Hoka Bondi 8 Lab test ,140.0,0.0,0.0,Hoka,Bondi 8 Lab test 
443,Hoka Rincon 2 ,250.0,0.0,0.0,Hoka,Rincon 2 
444,Hoka Carbon X 2 ,170.0,0.0,0.0,Hoka,Carbon X 2 
445,Hoka Clifton 9 Lab test ,140.0,110.0,24.0,Hoka,Clifton 9 Lab test 
446,Hoka Arahi 5 Lab test ,125.0,0.0,0.0,Hoka,Arahi 5 Lab test 
447,Hoka Speedgoat 3 ,85.0,0.0,0.0,Hoka,Speedgoat 3 
448,Hoka Bondi Leather ,150.0,0.0,0.0,Hoka,Bondi Leather 
449,Hoka Speedgoat 5 Lab test ,130.0,110.0,29.0,Hoka,Speedgoat 5 Lab test 
450,Hoka Gaviota 2 ,201.0,108.0,28.0,Hoka,Gaviota 2 
451,Hoka Torrent 3 ,250.0,0.0,0.0,Hoka,Torrent 3 
452,Hoka Gaviota 3 Lab test ,160.0,0.0,0.0,Hoka,Gaviota 3 Lab test 
453,Hoka Mafate Speed 4 ,140.0,0.0,0.0,Hoka,Mafate Speed 4 
454,Hoka Bondi 7 ,100.0,0.0,0.0,Hoka,Bondi 7 
455,Hoka Carbon X ,110.0,99.0,45.0,Hoka,Carbon X 
456,Hoka Bondi 5 ,170.0,0.0,0.0,Hoka,Bondi 5 
457,Hoka Arahi 6 Lab test ,160.0,0.0,0.0,Hoka,Arahi 6 Lab test 
458,Hoka Tecton X 2 New ,120.0,0.0,0.0,Hoka,Tecton X 2 New 
459,Hoka Stinson ATR 6 ,110.0,0.0,0.0,Hoka,Stinson ATR 6 
460,Hoka Speedgoat ,130.0,118.0,16.0,Hoka,Speedgoat 
461,Hoka Speedgoat 4 GTX ,100.0,0.0,0.0,Hoka,Speedgoat 4 GTX 
462,Hoka Rocket X 2 New ,130.0,0.0,0.0,Hoka,Rocket X 2 New 
463,Hoka Clifton 3 ,120.0,0.0,0.0,Hoka,Clifton 3 
464,Hoka Rincon ,100.0,0.0,0.0,Hoka,Rincon 
465,Hoka Mafate Speed 2 ,70.0,0.0,0.0,Hoka,Mafate Speed 2 
466,Hoka Gaviota ,250.0,0.0,0.0,Hoka,Gaviota 
467,Hoka Challenger 7 GTX New ,250.0,0.0,0.0,Hoka,Challenger 7 GTX New 
468,Hoka Clifton Edge ,120.0,0.0,0.0,Hoka,Clifton Edge 
469,Hoka Elevon 2 ,160.0,0.0,0.0,Hoka,Elevon 2 
470,Hoka Mach ,140.0,0.0,0.0,Hoka,Mach 
471,Hoka Clifton 7 ,100.0,0.0,0.0,Hoka,Clifton 7 
472,Hoka Torrent ,90.0,0.0,0.0,Hoka,Torrent 
473,Hoka Clifton 8 Lab test ,130.0,48.0,63.0,Hoka,Clifton 8 Lab test 
474,Hoka Challenger 6 ATR ,140.0,112.0,14.0,Hoka,Challenger 6 ATR 
475,Hoka TenNine ,170.0,0.0,0.0,Hoka,TenNine 
476,Hoka Challenger 6 ATR GTX ,214.0,113.0,19.0,Hoka,Challenger 6 ATR GTX 
477,Hoka Clifton 6 ,100.0,0.0,0.0,Hoka,Clifton 6 
478,Hoka Mach 4 Lab test ,85.0,0.0,0.0,Hoka,Mach 4 Lab test 
479,Hoka Hupana ,75.0,0.0,0.0,Hoka,Hupana 
480,Hoka Bondi 6 ,199.0,0.0,0.0,Hoka,Bondi 6 
481,Hoka Tecton X Lab test ,160.0,150.0,25.0,Hoka,Tecton X Lab test 
482,Hoka Solimar Lab test ,70.0,0.0,0.0,Hoka,Solimar Lab test 
483,Hoka Zinal Lab test ,140.0,85.0,47.0,Hoka,Zinal Lab test 
484,Hoka Akasa ,140.0,0.0,0.0,Hoka,Akasa 
485,Hoka Mach 3 ,140.0,0.0,0.0,Hoka,Mach 3 
486,Hoka Challenger 7 Lab test ,150.0,0.0,0.0,Hoka,Challenger 7 Lab test 
487,Hoka Clifton 4 ,120.0,0.0,0.0,Hoka,Clifton 4 
488,Hoka Arahi ,150.0,0.0,0.0,Hoka,Arahi 
489,Hoka Gaviota 4 Lab test ,150.0,152.0,11.0,Hoka,Gaviota 4 Lab test 
490,Hoka Torrent 2 ,100.0,100.0,17.0,Hoka,Torrent 2 
491,Hoka Mach Supersonic ,220.0,0.0,0.0,Hoka,Mach Supersonic 
492,Inov-8 Terraultra G 270 ,85.0,60.0,63.0,Inov-8,Terraultra G 270 
493,Inov-8 X-Talon 210 ,220.0,120.0,8.0,Inov-8,X-Talon 210 
494,Inov-8 Trailfly G 270 v2 New ,65.0,0.0,0.0,Inov-8,Trailfly G 270 v2 New 
495,Inov-8 Mudclaw 275 ,140.0,0.0,0.0,Inov-8,Mudclaw 275 
496,Inov-8 Trailroc G 280 ,145.0,105.0,30.0,Inov-8,Trailroc G 280 
497,Inov-8 Trail Talon 235 ,135.0,75.0,35.0,Inov-8,Trail Talon 235 
498,Inov-8 Parkclaw 240 ,130.0,80.0,20.0,Inov-8,Parkclaw 240 
499,Inov-8 X-Talon G 235 ,65.0,97.0,43.0,Inov-8,X-Talon G 235 
500,Inov-8 Trailfly Ultra G 280 ,160.0,110.0,41.0,Inov-8,Trailfly Ultra G 280 
501,Inov-8 Roclite G 275 ,185.0,75.0,44.0,Inov-8,Roclite G 275 
502,Inov-8 Trailfly G 270 ,135.0,59.0,63.0,Inov-8,Trailfly G 270 
503,Inov-8 Trail Talon 290 ,130.0,100.0,20.0,Inov-8,Trail Talon 290 
504,Inov-8 Mudclaw 300 ,90.0,99.0,21.0,Inov-8,Mudclaw 300 
505,Inov-8 F-Lite 245 ,75.0,80.0,47.0,Inov-8,F-Lite 245 
506,Inov-8 TrailFly Ultra G 300 Max ,140.0,0.0,0.0,Inov-8,TrailFly Ultra G 300 Max 
507,Inov-8 TerraUltra G 260 ,200.0,120.0,20.0,Inov-8,TerraUltra G 260 
508,Inov-8 X-Talon 255 ,170.0,124.0,11.0,Inov-8,X-Talon 255 
509,Kailas Phantom 3.0 Lab test ,140.0,0.0,0.0,Kailas,Phantom 3.0 Lab test 
510,Kailas Flythorn Air 2.0 Lab test ,220.0,0.0,0.0,Kailas,Flythorn Air 2.0 Lab test 
511,Kailas Fuga Pro 4 Lab test ,130.0,0.0,0.0,Kailas,Fuga Pro 4 Lab test 
512,La Sportiva Ultra Raptor II ,160.0,0.0,0.0,La Sportiva, Ultra Raptor II 
513,La Sportiva Karacal ,160.0,95.0,27.0,La Sportiva, Karacal 
514,La Sportiva Lycan GTX ,70.0,0.0,0.0,La Sportiva, Lycan GTX 
515,La Sportiva Mutant ,250.0,94.0,28.0,La Sportiva, Mutant 
516,La Sportiva Akyra ,115.0,103.0,26.0,La Sportiva, Akyra 
517,La Sportiva Akasha ,85.0,98.0,30.0,La Sportiva, Akasha 
518,La Sportiva Bushido ,130.0,0.0,0.0,La Sportiva, Bushido 
519,La Sportiva Helios 3.0 ,140.0,95.0,24.0,La Sportiva, Helios 3.0 
520,La Sportiva Ultra Raptor ,50.0,96.0,26.0,La Sportiva, Ultra Raptor 
521,La Sportiva Kaptiva ,120.0,53.0,62.0,La Sportiva, Kaptiva 
522,La Sportiva Cyklon Cross GTX ,200.0,0.0,0.0,La Sportiva, Cyklon Cross GTX 
523,La Sportiva Bushido II ,75.0,96.0,26.0,La Sportiva, Bushido II 
524,La Sportiva Cyklon ,150.0,111.0,31.0,La Sportiva, Cyklon 
525,La Sportiva Akasha II ,65.0,0.0,0.0,La Sportiva, Akasha II 
526,La Sportiva Blizzard GTX ,140.0,184.0,8.0,La Sportiva, Blizzard GTX 
527,La Sportiva Wildcat 2.0 GTX ,83.0,0.0,0.0,La Sportiva, Wildcat 2.0 GTX 
528,La Sportiva Jackal GTX New ,148.0,115.0,38.0,La Sportiva, Jackal GTX New 
529,Merrell Antora ,300.0,77.0,30.0,Merrell,Antora 
530,Merrell Agility Peak 4 ,150.0,97.0,25.0,Merrell,Agility Peak 4 
531,Merrell Trail Glove 6 ,130.0,66.0,34.0,Merrell,Trail Glove 6 
532,Merrell Vapor Glove 6 New ,160.0,0.0,0.0,Merrell,Vapor Glove 6 New 
533,Merrell Antora Rainbow ,100.0,100.0,9.0,Merrell,Antora Rainbow 
534,Merrell Bare Access XTR ,160.0,66.0,34.0,Merrell,Bare Access XTR 
535,Merrell Vapor Glove 4 ,85.0,56.0,30.0,Merrell,Vapor Glove 4 
536,Merrell Antora 2 ,320.0,50.0,55.0,Merrell,Antora 2 
537,Merrell Moab Flight ,160.0,48.0,56.0,Merrell,Moab Flight 
538,Merrell Vapor Glove 5 ,90.0,54.0,33.0,Merrell,Vapor Glove 5 
539,Merrell Rubato ,150.0,38.0,73.0,Merrell,Rubato 
540,Merrell Nova 2 GTX ,85.0,0.0,0.0,Merrell,Nova 2 GTX 
541,Merrell Trail Glove 5 ,150.0,0.0,0.0,Merrell,Trail Glove 5 
542,Merrell MTL Skyfire ,160.0,45.0,55.0,Merrell,MTL Skyfire 
543,Merrell Agility Synthesis 2 ,120.0,49.0,56.0,Merrell,Agility Synthesis 2 
544,Merrell Nova 2 Lab test ,250.0,99.0,10.0,Merrell,Nova 2 Lab test 
545,Merrell MTL Long Sky 2 ,160.0,0.0,0.0,Merrell,MTL Long Sky 2 
546,Merrell Mag-9 ,125.0,0.0,0.0,Merrell,Mag-9 
547,Mizuno Wave Sonic ,250.0,0.0,0.0,Mizuno,Wave Sonic 
548,Mizuno Wave Rebellion Pro ,160.0,216.0,14.0,Mizuno,Wave Rebellion Pro 
549,Mizuno Wave Rebellion ,180.0,67.0,63.0,Mizuno,Wave Rebellion 
550,Mizuno Wave Inspire 16 ,140.0,63.0,53.0,Mizuno,Wave Inspire 16 
551,Mizuno Wave Creation 20 ,90.0,106.0,38.0,Mizuno,Wave Creation 20 
552,Mizuno Wave Sky 5 ,130.0,74.0,57.0,Mizuno,Wave Sky 5 
553,Mizuno Wave Inspire 18 ,70.0,66.0,49.0,Mizuno,Wave Inspire 18 
554,Mizuno Wave Rebellion Flash ,250.0,58.0,64.0,Mizuno,Wave Rebellion Flash 
555,Mizuno Wave Paradox 5 ,75.0,0.0,0.0,Mizuno,Wave Paradox 5 
556,Mizuno Wave Sky 4 Waveknit ,92.0,58.0,64.0,Mizuno,Wave Sky 4 Waveknit 
557,Mizuno Wave Inspire 15 ,180.0,70.0,46.0,Mizuno,Wave Inspire 15 
558,Mizuno Wave Rider 23 ,250.0,98.0,18.0,Mizuno,Wave Rider 23 
559,Mizuno Wave Horizon ,60.0,70.0,56.0,Mizuno,Wave Horizon 
560,Mizuno Wave Inspire 19 ,160.0,0.0,0.0,Mizuno,Wave Inspire 19 
561,Mizuno Wave Rider TT ,60.0,0.0,0.0,Mizuno,Wave Rider TT 
562,Mizuno Wave Inspire 17 ,140.0,77.0,43.0,Mizuno,Wave Inspire 17 
563,Mizuno Wave Skyrise ,100.0,0.0,0.0,Mizuno,Wave Skyrise 
564,Mizuno Wave Sky 6 ,120.0,120.0,29.0,Mizuno,Wave Sky 6 
565,Mizuno Wave Rider 25 Lab test ,140.0,85.0,37.0,Mizuno,Wave Rider 25 Lab test 
566,Mizuno Wave Sky ,80.0,0.0,0.0,Mizuno,Wave Sky 
567,Mizuno Wave Horizon 5 ,100.0,89.0,44.0,Mizuno,Wave Horizon 5 
568,Mizuno Wave Neo Ultra ,130.0,125.0,50.0,Mizuno,Wave Neo Ultra 
569,Mizuno Wave Sky WaveKnit 3 ,145.0,70.0,56.0,Mizuno,Wave Sky WaveKnit 3 
570,Mizuno Wave Rider 24 ,150.0,75.0,42.0,Mizuno,Wave Rider 24 
571,Mizuno Wave Rider 26 Lab test ,130.0,98.0,30.0,Mizuno,Wave Rider 26 Lab test 
572,Mizuno Wave Horizon 6 Lab test ,160.0,111.0,35.0,Mizuno,Wave Horizon 6 Lab test 
573,Mizuno Wave Sky 3 ,90.0,0.0,0.0,Mizuno,Wave Sky 3 
574,Mizuno Wave Horizon 4 ,60.0,78.0,51.0,Mizuno,Wave Horizon 4 
575,NOBULL Ripstop Runner Lab test ,125.0,0.0,0.0,NOBULL,Ripstop Runner Lab test 
576,NOBULL Knit Runner Lab test ,75.0,0.0,0.0,NOBULL,Knit Runner Lab test 
577,NOBULL Runner+ Lab test ,130.0,0.0,0.0,NOBULL,Runner+ Lab test 
578,New Balance Fresh Foam 1080 v10 ,70.0,60.0,60.0,New Balance, Fresh Foam 1080 v10 
579,New Balance Fresh Foam Cruz ,130.0,65.0,19.0,New Balance, Fresh Foam Cruz 
580,New Balance FuelCell Rebel v2 Lab test ,160.0,46.0,65.0,New Balance, FuelCell Rebel v2 Lab test 
581,New Balance Fresh Foam More v3 Lab test ,150.0,85.0,49.0,New Balance, Fresh Foam More v3 Lab test 
582,New Balance FuelCell Propel ,250.0,48.0,56.0,New Balance, FuelCell Propel 
583,New Balance Fresh Foam Arishi v3 ,199.0,40.0,43.0,New Balance, Fresh Foam Arishi v3 
584,New Balance 860 v10 ,70.0,60.0,54.0,New Balance, 860 v10 
585,New Balance FuelCell Echo ,140.0,30.0,70.0,New Balance, FuelCell Echo 
586,New Balance Fresh Foam 1080 v11 Lab test ,130.0,47.0,69.0,New Balance, Fresh Foam 1080 v11 Lab test 
587,New Balance Fresh Foam Arishi v4 New ,100.0,50.0,29.0,New Balance, Fresh Foam Arishi v4 New 
588,New Balance Fresh Foam X More Trail v3 New Lab test ,160.0,0.0,0.0,New Balance, Fresh Foam X More Trail v3 New Lab test 
589,New Balance FuelCell ,100.0,0.0,0.0,New Balance, FuelCell 
590,New Balance Shando Lab test ,160.0,75.0,17.0,New Balance, Shando Lab test 
591,New Balance 510 v5 ,160.0,40.0,47.0,New Balance, 510 v5 
592,New Balance Fresh Foam X More v4 Lab test ,250.0,100.0,33.0,New Balance, Fresh Foam X More v4 Lab test 
593,New Balance FuelCell Prism ,130.0,58.0,52.0,New Balance, FuelCell Prism 
594,New Balance Fresh Foam 860 v11 Lab test ,60.0,40.0,69.0,New Balance, Fresh Foam 860 v11 Lab test 
595,New Balance Fresh Foam Roav V2 Lab test ,80.0,44.0,48.0,New Balance, Fresh Foam Roav V2 Lab test 
596,New Balance FuelCell RC Elite v2 Lab test ,179.0,0.0,0.0,New Balance, FuelCell RC Elite v2 Lab test 
597,New Balance FuelCell Rebel v3 Lab test ,140.0,70.0,46.0,New Balance, FuelCell Rebel v3 Lab test 
598,New Balance Fuelcell Propel v4 New ,150.0,0.0,0.0,New Balance, Fuelcell Propel v4 New 
599,New Balance Fresh Foam 860 v12 Lab test ,170.0,40.0,69.0,New Balance, Fresh Foam 860 v12 Lab test 
600,New Balance Fresh Foam Vongo v5 ,120.0,70.0,53.0,New Balance, Fresh Foam Vongo v5 
601,New Balance 1540 v3 ,115.0,127.0,25.0,New Balance, 1540 v3 
602,New Balance Nitrel V4 ,140.0,45.0,36.0,New Balance, Nitrel V4 
603,New Balance Fresh Foam X Tempo v2 ,100.0,50.0,58.0,New Balance, Fresh Foam X Tempo v2 
604,New Balance FuelCell Prism v2 ,150.0,55.0,54.0,New Balance, FuelCell Prism v2 
605,New Balance 1500 v6 ,60.0,35.0,72.0,New Balance, 1500 v6 
606,New Balance Fresh Foam Beacon v3 ,110.0,48.0,60.0,New Balance, Fresh Foam Beacon v3 
607,New Balance Fresh Foam X Hierro v7 Lab test ,75.0,90.0,36.0,New Balance, Fresh Foam X Hierro v7 Lab test 
608,New Balance Fresh Foam X 1080 v12 Lab test ,130.0,127.0,21.0,New Balance, Fresh Foam X 1080 v12 Lab test 
609,New Balance 840 v4 ,170.0,57.0,54.0,New Balance, 840 v4 
610,New Balance 520 v7 ,80.0,37.0,43.0,New Balance, 520 v7 
611,New Balance FuelCell SC Elite v3 ,180.0,140.0,39.0,New Balance, FuelCell SC Elite v3 
612,New Balance Fuelcell Supercomp Trainer Lab test ,150.0,125.0,31.0,New Balance, Fuelcell Supercomp Trainer Lab test 
613,New Balance FuelCell Propel v3 ,150.0,65.0,35.0,New Balance, FuelCell Propel v3 
614,New Balance Summit Unknown ,70.0,0.0,0.0,New Balance, Summit Unknown 
615,New Balance FuelCell Rebel ,180.0,59.0,55.0,New Balance, FuelCell Rebel 
616,New Balance Fresh Foam Beacon v2 ,150.0,56.0,53.0,New Balance, Fresh Foam Beacon v2 
617,New Balance Beaya Slip On New ,120.0,42.0,44.0,New Balance, Beaya Slip On New 
618,New Balance Fresh Foam More Trail v1 ,140.0,78.0,53.0,New Balance, Fresh Foam More Trail v1 
619,New Balance Fresh Foam Tempo ,165.0,70.0,36.0,New Balance, Fresh Foam Tempo 
620,New Balance Fresh Foam Arishi v2 ,80.0,0.0,0.0,New Balance, Fresh Foam Arishi v2 
621,New Balance Fresh Foam 1080 v9 ,100.0,65.0,57.0,New Balance, Fresh Foam 1080 v9 
622,New Balance 840 v3 ,70.0,55.0,54.0,New Balance, 840 v3 
623,New Balance Fresh Foam Arishi ,120.0,60.0,14.0,New Balance, Fresh Foam Arishi 
624,New Balance FuelCell Propel v2 ,75.0,50.0,50.0,New Balance, FuelCell Propel v2 
625,New Balance FuelCell RC Elite ,125.0,152.0,32.0,New Balance, FuelCell RC Elite 
626,New Balance 940 v4 ,145.0,101.0,22.0,New Balance, 940 v4 
627,New Balance Nitrel v3 ,170.0,45.0,36.0,New Balance, Nitrel v3 
628,New Balance Fresh Foam X More Trail v2 ,90.0,90.0,46.0,New Balance, Fresh Foam X More Trail v2 
629,New Balance Fresh Foam Vongo ,65.0,0.0,0.0,New Balance, Fresh Foam Vongo 
630,New Balance Fresh Foam Hierro ,165.0,0.0,0.0,New Balance, Fresh Foam Hierro 
631,New Balance Fresh Foam Hierro v6 Lab test ,200.0,98.0,27.0,New Balance, Fresh Foam Hierro v6 Lab test 
632,New Balance Fresh Foam 880 v11 ,120.0,62.0,52.0,New Balance, Fresh Foam 880 v11 
633,New Balance Lerato ,65.0,206.0,8.0,New Balance, Lerato 
634,New Balance 860 v8 ,210.0,50.0,60.0,New Balance, 860 v8 
635,New Balance 587 ,70.0,65.0,55.0,New Balance, 587 
636,New Balance 840 v5 ,150.0,104.0,20.0,New Balance, 840 v5 
637,New Balance Fresh Foam 880 v10 ,200.0,70.0,46.0,New Balance, Fresh Foam 880 v10 
638,New Balance Fresh Foam Hierro v4 ,210.0,0.0,0.0,New Balance, Fresh Foam Hierro v4 
639,New Balance Fresh Foam X 880 v13 New ,70.0,0.0,0.0,New Balance, Fresh Foam X 880 v13 New 
640,New Balance 860 v9 ,190.0,50.0,60.0,New Balance, 860 v9 
641,New Balance 890 v7 ,140.0,25.0,79.0,New Balance, 890 v7 
642,New Balance Fresh Foam 860 v13 New ,127.0,0.0,0.0,New Balance, Fresh Foam 860 v13 New 
643,New Balance Fresh Foam Arishi Trail ,80.0,48.0,36.0,New Balance, Fresh Foam Arishi Trail 
644,New Balance Fresh Foam Roav Tee Shirt ,140.0,75.0,6.0,New Balance, Fresh Foam Roav Tee Shirt 
645,New Balance 880 v9 ,130.0,50.0,60.0,New Balance, 880 v9 
646,New Balance FuelCell TC ,130.0,180.0,10.0,New Balance, FuelCell TC 
647,New Balance FuelCell SuperComp Pacer ,180.0,80.0,47.0,New Balance, FuelCell SuperComp Pacer 
648,New Balance Fresh Foam X 1080 Unlaced New ,144.0,47.0,71.0,New Balance, Fresh Foam X 1080 Unlaced New 
649,New Balance Fresh Foam More ,110.0,0.0,0.0,New Balance, Fresh Foam More 
650,New Balance 510 v3 ,130.0,0.0,0.0,New Balance, 510 v3 
651,New Balance Fresh Foam Hierro v6 GTX ,65.0,0.0,0.0,New Balance, Fresh Foam Hierro v6 GTX 
652,New Balance Fresh Foam Beacon ,70.0,0.0,0.0,New Balance, Fresh Foam Beacon 
653,Nike Zoom Fly 3 ,210.0,90.0,44.0,Nike,Zoom Fly 3 
654,Nike Free RN CMTR ,109.0,0.0,0.0,Nike,Free RN CMTR 
655,Nike Air Zoom Vomero 14 ,150.0,120.0,14.0,Nike,Air Zoom Vomero 14 
656,Nike Pegasus Trail 3 GTX Lab test ,150.0,84.0,48.0,Nike,Pegasus Trail 3 GTX Lab test 
657,Nike Wildhorse 8 Lab test ,160.0,90.0,31.0,Nike,Wildhorse 8 Lab test 
658,Nike Joyride Dual Run ,80.0,90.0,31.0,Nike,Joyride Dual Run 
659,Nike Winflo 8 Shield ,120.0,59.0,31.0,Nike,Winflo 8 Shield 
660,Nike LunarEpic Flyknit ,230.0,90.0,49.0,Nike,LunarEpic Flyknit 
661,Nike Downshifter 9 ,120.0,49.0,18.0,Nike,Downshifter 9 
662,Nike Air Zoom Pegasus 35 ,130.0,0.0,0.0,Nike,Air Zoom Pegasus 35 
663,Nike Revolution 3 ,140.0,0.0,0.0,Nike,Revolution 3 
664,Nike Zoom Fly Flyknit ,100.0,80.0,50.0,Nike,Zoom Fly Flyknit 
665,Nike Zoom Prevail ,120.0,0.0,0.0,Nike,Zoom Prevail 
666,Nike Air Zoom Pegasus 36 Trail ,180.0,96.0,26.0,Nike,Air Zoom Pegasus 36 Trail 
667,Nike ZoomX Zegama Trail ,160.0,109.0,32.0,Nike,ZoomX Zegama Trail 
668,Nike Legend React 2 ,139.0,0.0,0.0,Nike,Legend React 2 
669,Nike Downshifter 12 Lab test ,125.0,45.0,36.0,Nike,Downshifter 12 Lab test 
670,Nike Zoom Fly 4 Lab test ,100.0,100.0,38.0,Nike,Zoom Fly 4 Lab test 
671,Nike Flex Experience Run 11 Lab test ,170.0,48.0,31.0,Nike,Flex Experience Run 11 Lab test 
672,Nike Free RN Flyknit ,180.0,60.0,54.0,Nike,Free RN Flyknit 
673,Nike React Phantom Run Flyknit 2 ,125.0,56.0,60.0,Nike,React Phantom Run Flyknit 2 
674,Nike Air Max 2015 ,110.0,180.0,5.0,Nike,Air Max 2015 
675,Nike React Infinity Run Flyknit 2 ,150.0,50.0,69.0,Nike,React Infinity Run Flyknit 2 
676,Nike Air Zoom Structure 24 ,160.0,50.0,58.0,Nike,Air Zoom Structure 24 
677,Nike Renew Ride ,95.0,70.0,7.0,Nike,Renew Ride 
678,Nike React Pegasus Trail 4 Lab test ,130.0,89.0,36.0,Nike,React Pegasus Trail 4 Lab test 
679,Nike LunarGlide 6 ,120.0,0.0,0.0,Nike,LunarGlide 6 
680,Nike Air Zoom Winflo 7 ,120.0,59.0,34.0,Nike,Air Zoom Winflo 7 
681,Nike Quest 3 ,150.0,0.0,0.0,Nike,Quest 3 
682,Nike Air Zoom Pegasus 37 Shield ,130.0,40.0,69.0,Nike,Air Zoom Pegasus 37 Shield 
683,Nike Zoom Gravity ,119.0,62.0,31.0,Nike,Zoom Gravity 
684,Nike Air Zoom Pegasus 38 Shield ,150.0,75.0,42.0,Nike,Air Zoom Pegasus 38 Shield 
685,Nike Odyssey React Shield 2 ,150.0,99.0,24.0,Nike,Odyssey React Shield 2 
686,Nike Renew Serenity Run ,180.0,55.0,31.0,Nike,Renew Serenity Run 
687,Nike Air Zoom Pegasus 39 Shield ,140.0,98.0,30.0,Nike,Air Zoom Pegasus 39 Shield 
688,Nike Air Zoom Winflo 8 ,65.0,59.0,34.0,Nike,Air Zoom Winflo 8 
689,Nike ZoomX Streakfly Lab test ,135.0,95.0,41.0,Nike,ZoomX Streakfly Lab test 
690,Nike Quest 5 Lab test ,160.0,52.0,35.0,Nike,Quest 5 Lab test 
691,Nike Flyknit Racer ,130.0,0.0,0.0,Nike,Flyknit Racer 
692,Nike Downshifter 6 ,110.0,0.0,0.0,Nike,Downshifter 6 
693,Nike Revolution 6 FlyEase ,70.0,60.0,8.0,Nike,Revolution 6 FlyEase 
694,Nike ZoomX Invincible Run Flyknit 2 Lab test ,165.0,90.0,50.0,Nike,ZoomX Invincible Run Flyknit 2 Lab test 
695,Nike Quest 4 Lab test ,100.0,50.0,33.0,Nike,Quest 4 Lab test 
696,Nike Air Winflo 9 Lab test ,70.0,61.0,39.0,Nike,Air Winflo 9 Lab test 
697,Nike Wildhorse 7 Lab test ,75.0,100.0,23.0,Nike,Wildhorse 7 Lab test 
698,Nike React Escape Run ,140.0,92.0,8.0,Nike,React Escape Run 
699,Nike Air Zoom Tempo Next% ,160.0,0.0,0.0,Nike,Air Zoom Tempo Next% 
700,Nike Air Zoom Structure 22 ,180.0,0.0,0.0,Nike,Air Zoom Structure 22 
701,Nike Zoom Vaporfly 4% ,300.0,0.0,0.0,Nike,Zoom Vaporfly 4% 
702,Nike Pegasus 40 New Lab test ,150.0,0.0,0.0,Nike,Pegasus 40 New Lab test 
703,Nike Revolution 6 Lab test ,225.0,46.0,29.0,Nike,Revolution 6 Lab test 
704,Nike Free RN ,240.0,85.0,29.0,Nike,Free RN 
705,Nike ZoomX Vaporfly NEXT% 2 Lab test ,150.0,150.0,33.0,Nike,ZoomX Vaporfly NEXT% 2 Lab test 
706,Nike Zoom Fly 5 Lab test ,200.0,110.0,31.0,Nike,Zoom Fly 5 Lab test 
707,Nike Zoom Rival Fly 2 ,193.0,0.0,0.0,Nike,Zoom Rival Fly 2 
708,Nike Pegasus Trail 2 GTX ,110.0,50.0,69.0,Nike,Pegasus Trail 2 GTX 
709,Nike Air Zoom Pegasus 39 Lab test ,100.0,65.0,50.0,Nike,Air Zoom Pegasus 39 Lab test 
710,Nike Odyssey React Flyknit 2 ,250.0,80.0,33.0,Nike,Odyssey React Flyknit 2 
711,Nike Air Zoom Pegasus 38 Lab test ,180.0,65.0,46.0,Nike,Air Zoom Pegasus 38 Lab test 
712,Nike Odyssey React ,60.0,0.0,0.0,Nike,Odyssey React 
713,Nike React Infinity Run Flyknit 3 Lab test ,160.0,60.0,63.0,Nike,React Infinity Run Flyknit 3 Lab test 
714,Nike Odyssey React Shield ,100.0,0.0,0.0,Nike,Odyssey React Shield 
715,Nike ZoomX Vaporfly Next% ,60.0,0.0,0.0,Nike,ZoomX Vaporfly Next% 
716,Nike Air Zoom Wildhorse 6 ,180.0,0.0,0.0,Nike,Air Zoom Wildhorse 6 
717,Nike Flex Experience RN 9 ,150.0,0.0,0.0,Nike,Flex Experience RN 9 
718,Nike ZoomX Vaporfly Next% 3 New ,169.0,0.0,0.0,Nike,ZoomX Vaporfly Next% 3 New 
719,Nike Downshifter 10 ,120.0,0.0,0.0,Nike,Downshifter 10 
720,Nike Renew Ride 3 Lab test ,200.0,61.0,24.0,Nike,Renew Ride 3 Lab test 
721,Nike Downshifter 11 Lab test ,140.0,50.0,17.0,Nike,Downshifter 11 Lab test 
722,Nike Air VaporMax Flyknit ,80.0,0.0,0.0,Nike,Air VaporMax Flyknit 
723,Nike Pegasus Trail 3 Lab test ,209.0,0.0,0.0,Nike,Pegasus Trail 3 Lab test 
724,Nike Air Max Sequent 3 ,140.0,73.0,27.0,Nike,Air Max Sequent 3 
725,Nike Air Max 2017 ,70.0,140.0,26.0,Nike,Air Max 2017 
726,Nike React Infinity Run Flyknit ,160.0,100.0,38.0,Nike,React Infinity Run Flyknit 
727,Nike Air Zoom Structure 23 ,147.0,105.0,13.0,Nike,Air Zoom Structure 23 
728,Nike Free RN 2017 ,130.0,0.0,0.0,Nike,Free RN 2017 
729,Nike Air Zoom Pegasus 34 ,80.0,0.0,0.0,Nike,Air Zoom Pegasus 34 
730,Nike Air Max 2016 ,150.0,0.0,0.0,Nike,Air Max 2016 
731,Nike React Miler ,110.0,98.0,25.0,Nike,React Miler 
732,Nike Air Zoom Pegasus 37 ,150.0,75.0,38.0,Nike,Air Zoom Pegasus 37 
733,Nike Air Zoom Alphafly Next% ,120.0,122.0,56.0,Nike,Air Zoom Alphafly Next% 
734,Nike Revolution 5 ,150.0,52.0,20.0,Nike,Revolution 5 
735,Nike Pegasus Trail 2 ,100.0,90.0,31.0,Nike,Pegasus Trail 2 
736,Nike Flex Experience RN 8 ,120.0,0.0,0.0,Nike,Flex Experience RN 8 
737,Nike Air Zoom Alphafly Next% 2 Lab test ,130.0,220.0,20.0,Nike,Air Zoom Alphafly Next% 2 Lab test 
738,Nike Air Max Sequent 2 ,80.0,88.0,12.0,Nike,Air Max Sequent 2 
739,Nike Free RN 2018 ,190.0,60.0,40.0,Nike,Free RN 2018 
740,Nike Downshifter 7 ,100.0,0.0,0.0,Nike,Downshifter 7 
741,Nike Air Zoom Vomero 16 ,130.0,98.0,35.0,Nike,Air Zoom Vomero 16 
742,Nike Air Zoom Terra Kiger 6 Lab test ,130.0,0.0,0.0,Nike,Air Zoom Terra Kiger 6 Lab test 
743,Nike Air Zoom Terra Kiger 7 ,90.0,57.0,64.0,Nike,Air Zoom Terra Kiger 7 
744,Nike React Pegasus Trail 4 GTX ,110.0,110.0,31.0,Nike,React Pegasus Trail 4 GTX 
745,Nike Flyknit Lunar 3 ,90.0,104.0,31.0,Nike,Flyknit Lunar 3 
746,Nike Revolution 4 ,120.0,0.0,0.0,Nike,Revolution 4 
747,Nike Legend React ,120.0,0.0,0.0,Nike,Legend React 
748,Nike Air Zoom Pegasus 39 Flyease New ,240.0,98.0,25.0,Nike,Air Zoom Pegasus 39 Flyease New 
749,Nike Epic Phantom React Flyknit ,120.0,70.0,53.0,Nike,Epic Phantom React Flyknit 
750,Nike Renew Run ,90.0,64.0,29.0,Nike,Renew Run 
751,Nike Air Zoom Tempo Next% FlyEase ,90.0,121.0,40.0,Nike,Air Zoom Tempo Next% FlyEase 
752,Nike Joyride Run Flyknit ,150.0,90.0,50.0,Nike,Joyride Run Flyknit 
753,Nike Zoom Pegasus Turbo ,75.0,75.0,58.0,Nike,Zoom Pegasus Turbo 
754,Nike ZoomX Invincible Run Flyknit 3 Lab test ,150.0,0.0,0.0,Nike,ZoomX Invincible Run Flyknit 3 Lab test 
755,Nike Free RN Flyknit 2018 ,140.0,79.0,34.0,Nike,Free RN Flyknit 2018 
756,Nike Run Swift ,130.0,0.0,0.0,Nike,Run Swift 
757,Nike React Miler 2 Shield ,126.0,90.0,44.0,Nike,React Miler 2 Shield 
758,Nike Quest 2 ,70.0,0.0,0.0,Nike,Quest 2 
759,Nike Zoom Terra Kiger 8 Lab test ,65.0,63.0,55.0,Nike,Zoom Terra Kiger 8 Lab test 
760,Nike Air Zoom Pegasus 38 FlyEase Lab test ,85.0,80.0,33.0,Nike,Air Zoom Pegasus 38 FlyEase Lab test 
761,Nike Epic React Flyknit ,180.0,0.0,0.0,Nike,Epic React Flyknit 
762,Nike Air Zoom Pegasus 36 ,200.0,71.0,41.0,Nike,Air Zoom Pegasus 36 
763,Nike React Miler 3 Lab test ,100.0,95.0,21.0,Nike,React Miler 3 Lab test 
764,Nike Air Max Torch 4 ,120.0,0.0,0.0,Nike,Air Max Torch 4 
765,Nike Zoom Span 4 ,237.0,50.0,38.0,Nike,Zoom Span 4 
766,Nike Air Zoom Winflo 6 ,60.0,73.0,19.0,Nike,Air Zoom Winflo 6 
767,Nike Epic React Flyknit 2 ,140.0,98.0,35.0,Nike,Epic React Flyknit 2 
768,Nike Zoom Fly ,170.0,115.0,23.0,Nike,Zoom Fly 
769,Nike Air Zoom Pegasus 36 Shield ,130.0,75.0,42.0,Nike,Air Zoom Pegasus 36 Shield 
770,Nike Free Run 5.0 Lab test ,139.0,68.0,32.0,Nike,Free Run 5.0 Lab test 
771,Nike Juniper Trail Lab test ,140.0,0.0,0.0,Nike,Juniper Trail Lab test 
772,Nike Free RN Flyknit 2017 ,65.0,110.0,8.0,Nike,Free RN Flyknit 2017 
773,Nike React Miler 2 ,140.0,66.0,49.0,Nike,React Miler 2 
774,Nike Pegasus Turbo Lab test ,159.0,0.0,0.0,Nike,Pegasus Turbo Lab test 
775,Nike Flex Run 2021 Lab test ,90.0,0.0,0.0,Nike,Flex Run 2021 Lab test 
776,Nike Renew Ride 2 Lab test ,230.0,57.0,24.0,Nike,Renew Ride 2 Lab test 
777,Nike Air VaporMax Flyknit 2 ,150.0,0.0,0.0,Nike,Air VaporMax Flyknit 2 
778,Nike Flex Experience Run 10 Lab test ,135.0,49.0,25.0,Nike,Flex Experience Run 10 Lab test 
779,Nike Zoom Pegasus Turbo 2 ,160.0,90.0,50.0,Nike,Zoom Pegasus Turbo 2 
780,Nike ZoomX Invincible Run Lab test ,300.0,140.0,22.0,Nike,ZoomX Invincible Run Lab test 
781,Nike Flex Experience RN 7 ,100.0,0.0,0.0,Nike,Flex Experience RN 7 
782,Nike Run Swift 2 Lab test ,120.0,0.0,0.0,Nike,Run Swift 2 Lab test 
783,On Cloudrunner Lab test ,150.0,0.0,0.0,On,Cloudrunner Lab test 
784,On Cloudswift Lab test ,120.0,93.0,38.0,On,Cloudswift Lab test 
785,On Cloudflow ,130.0,0.0,0.0,On,Cloudflow 
786,On Cloudsurfer ,130.0,90.0,36.0,On,Cloudsurfer 
787,On Cloudboom ,120.0,120.0,40.0,On,Cloudboom 
788,On Cloud Waterproof ,180.0,100.0,33.0,On,Cloud Waterproof 
789,On Cloudflow 2.0 ,147.0,0.0,0.0,On,Cloudflow 2.0 
790,On Cloudswift 3 New Lab test ,160.0,0.0,0.0,On,Cloudswift 3 New Lab test 
791,On Cloudvista ,75.0,110.0,21.0,On,Cloudvista 
792,On Cloudultra ,200.0,140.0,22.0,On,Cloudultra 
793,On Cloudventure Peak ,190.0,100.0,33.0,On,Cloudventure Peak 
794,On Cloudventure ,130.0,90.0,44.0,On,Cloudventure 
795,On Cloudflow 3.0 Lab test ,250.0,110.0,21.0,On,Cloudflow 3.0 Lab test 
796,On Cloudgo ,150.0,0.0,0.0,On,Cloudgo 
797,On Cloudstratus ,140.0,110.0,35.0,On,Cloudstratus 
798,On Cloudboom Echo ,300.0,210.0,22.0,On,Cloudboom Echo 
799,On Cloud X 3 ,145.0,0.0,0.0,On,Cloud X 3 
800,On Cloudflyer 4 ,225.0,0.0,0.0,On,Cloudflyer 4 
801,On Cloudflyer Waterproof ,60.0,140.0,22.0,On,Cloudflyer Waterproof 
802,On Cloudventure Waterproof ,160.0,152.0,11.0,On,Cloudventure Waterproof 
803,On Cloudace ,155.0,74.0,63.0,On,Cloudace 
804,On Cloudflash ,100.0,108.0,40.0,On,Cloudflash 
805,On Cloudsurfer 7 New ,160.0,120.0,25.0,On,Cloudsurfer 7 New 
806,On Cloudsurfer 6 New ,200.0,100.0,33.0,On,Cloudsurfer 6 New 
807,On Cloud X ,150.0,110.0,21.0,On,Cloud X 
808,On Cloudflyer ,130.0,110.0,31.0,On,Cloudflyer 
809,On Cloud Hi ,170.0,85.0,50.0,On,Cloud Hi 
810,On Cloudstratus 2 ,110.0,0.0,0.0,On,Cloudstratus 2 
811,On Cloudmonster Lab test ,160.0,0.0,0.0,On,Cloudmonster Lab test 
812,On Cloud Terry ,80.0,100.0,33.0,On,Cloud Terry 
813,PUMA Axelion NXT ,100.0,0.0,0.0,PUMA,Axelion NXT 
814,PUMA Velocity Nitro 2 Lab test ,130.0,48.0,60.0,PUMA,Velocity Nitro 2 Lab test 
815,PUMA Eternity Nitro ,199.0,45.0,63.0,PUMA,Eternity Nitro 
816,PUMA Liberate Nitro ,150.0,39.0,65.0,PUMA,Liberate Nitro 
817,PUMA Magnify Nitro ,75.0,50.0,64.0,PUMA,Magnify Nitro 
818,PUMA Deviate Nitro Elite ,180.0,95.0,53.0,PUMA,Deviate Nitro Elite 
819,PUMA Viz Runner ,120.0,38.0,42.0,PUMA,Viz Runner 
820,PUMA Fast-R Nitro Elite ,60.0,140.0,44.0,PUMA,Fast-R Nitro Elite 
821,PUMA Fast FWD Nitro Elite ,150.0,160.0,27.0,PUMA,Fast FWD Nitro Elite 
822,PUMA Cell Regulate Woven ,110.0,52.0,20.0,PUMA,Cell Regulate Woven 
823,PUMA Deviate Nitro Lab test ,130.0,53.0,67.0,PUMA,Deviate Nitro Lab test 
824,PUMA Electrify Nitro ,120.0,40.0,60.0,PUMA,Electrify Nitro 
825,PUMA Velocity Nitro Lab test ,120.0,42.0,65.0,PUMA,Velocity Nitro Lab test 
826,PUMA Deviate Nitro 2 Lab test ,120.0,120.0,25.0,PUMA,Deviate Nitro 2 Lab test 
827,PUMA Run XX Nitro ,140.0,71.0,45.0,PUMA,Run XX Nitro 
828,PUMA Carson 2 X ,136.0,30.0,50.0,PUMA,Carson 2 X 
829,PUMA Ignite Ultimate ,135.0,61.0,51.0,PUMA,Ignite Ultimate 
830,Reebok Harmony Road 3.5 ,137.0,57.0,48.0,Reebok,Harmony Road 3.5 
831,Reebok Instalite Lux ,69.0,55.0,8.0,Reebok,Instalite Lux 
832,Reebok Floatride Fuel Run ,80.0,40.0,50.0,Reebok,Floatride Fuel Run 
833,Reebok Runner 4 ,90.0,48.0,20.0,Reebok,Runner 4 
834,Reebok Floatride Energy 5 New ,160.0,78.0,29.0,Reebok,Floatride Energy 5 New 
835,Reebok Floatride Run Fast Pro ,170.0,80.0,68.0,Reebok,Floatride Run Fast Pro 
836,Reebok Forever Floatride Energy ,130.0,31.0,66.0,Reebok,Forever Floatride Energy 
837,Reebok Floatride Run Panthea ,150.0,45.0,65.0,Reebok,Floatride Run Panthea 
838,Reebok Floatride Energy 4 Adventure ,200.0,58.0,52.0,Reebok,Floatride Energy 4 Adventure 
839,Reebok Fusion Flexweave ,80.0,45.0,63.0,Reebok,Fusion Flexweave 
840,Reebok Floatride Run Fast 3 ,150.0,45.0,68.0,Reebok,Floatride Run Fast 3 
841,Reebok Energen Plus ,140.0,33.0,49.0,Reebok,Energen Plus 
842,Reebok Floatride Energy Grow New ,180.0,29.0,76.0,Reebok,Floatride Energy Grow New 
843,Reebok Lite 3 Lab test ,60.0,29.0,55.0,Reebok,Lite 3 Lab test 
844,Reebok Flashfilm ,120.0,55.0,31.0,Reebok,Flashfilm 
845,Reebok Lite 2.0 ,140.0,43.0,22.0,Reebok,Lite 2.0 
846,Reebok Speed Breeze 2 ,100.0,45.0,25.0,Reebok,Speed Breeze 2 
847,Reebok Flashfilm 2.0 ,120.0,49.0,39.0,Reebok,Flashfilm 2.0 
848,Reebok Lavante Trail 2 New ,252.0,63.0,16.0,Reebok,Lavante Trail 2 New 
849,Reebok Floatride Run Fast 2 ,77.0,35.0,75.0,Reebok,Floatride Run Fast 2 
850,Reebok Lite Plus 3 ,125.0,30.0,54.0,Reebok,Lite Plus 3 
851,Reebok Floatride Energy X ,80.0,160.0,6.0,Reebok,Floatride Energy X 
852,Reebok Flashfilm 3.0 ,130.0,29.0,64.0,Reebok,Flashfilm 3.0 
853,Reebok EnergyLux 2 ,100.0,33.0,45.0,Reebok,EnergyLux 2 
854,Reebok Forever Floatride Energy 2 ,180.0,51.0,49.0,Reebok,Forever Floatride Energy 2 
855,Reebok Floatride Run Fast ,160.0,77.0,45.0,Reebok,Floatride Run Fast 
856,Reebok RUN_R 96 ,160.0,42.0,81.0,Reebok,RUN_R 96 
857,Reebok Floatride Energy 4 ,120.0,82.0,26.0,Reebok,Floatride Energy 4 
858,Reebok Runner 3 ,120.0,50.0,9.0,Reebok,Runner 3 
859,Reebok Endless Road ,65.0,41.0,45.0,Reebok,Endless Road 
860,Reebok Floatride Energy 3 Lab test ,180.0,41.0,59.0,Reebok,Floatride Energy 3 Lab test 
861,Salming Greyhound ,150.0,0.0,0.0,Salming,Greyhound 
862,Salomon Alphacross ,145.0,0.0,0.0,Salomon,Alphacross 
863,Salomon XA Pro 3D V8 GTX ,165.0,0.0,0.0,Salomon,XA Pro 3D V8 GTX 
864,Salomon S-Lab Pulsar ,130.0,110.0,39.0,Salomon,S-Lab Pulsar 
865,Salomon Speedcross 3 ,180.0,108.0,17.0,Salomon,Speedcross 3 
866,Salomon Hypulse ,75.0,60.0,40.0,Salomon,Hypulse 
867,Salomon XA Pro 3D ,140.0,0.0,0.0,Salomon,XA Pro 3D 
868,Salomon Speedcross 4 ,140.0,93.0,29.0,Salomon,Speedcross 4 
869,Salomon Phantasm ,150.0,96.0,47.0,Salomon,Phantasm 
870,Salomon Sonic 4 Balance ,160.0,71.0,45.0,Salomon,Sonic 4  
871,Salomon Predict Soc 2 ,80.0,80.0,39.0,Salomon,Predict Soc 2 
872,Salomon Spectur ,120.0,50.0,62.0,Salomon,Spectur 
873,Salomon Supercross ,120.0,0.0,0.0,Salomon,Supercross 
874,Salomon XT-Wings 2 ,110.0,80.0,50.0,Salomon,XT-Wings 2 
875,Salomon Predict Soc ,150.0,76.0,42.0,Salomon,Predict Soc 
876,Salomon Speedcross 5 GTX ,120.0,105.0,30.0,Salomon,Speedcross 5 GTX 
877,Salomon Sonic 3 Balance ,130.0,61.0,53.0,Salomon,Sonic 3  
878,Salomon Pulsar Trail Pro ,65.0,0.0,0.0,Salomon,Pulsar Trail Pro 
879,Salomon Aero Glide New ,120.0,0.0,0.0,Salomon,Aero Glide New 
880,Salomon Alphacross 3 GTX ,120.0,0.0,0.0,Salomon,Alphacross 3 GTX 
881,Salomon XT-6 GTX ,100.0,0.0,0.0,Salomon,XT-6 GTX 
882,Salomon X-Mission 3 ,100.0,0.0,0.0,Salomon,X-Mission 3 
883,Salomon Sense Pro 4 Lab test ,60.0,0.0,0.0,Salomon,Sense Pro 4 Lab test 
884,Salomon XA Pro 3D V8 Lab test ,175.0,73.0,44.0,Salomon,XA Pro 3D V8 Lab test 
885,Salomon Pulsar Trail ,150.0,80.0,39.0,Salomon,Pulsar Trail 
886,Salomon Sense Ride 3 ,60.0,68.0,43.0,Salomon,Sense Ride 3 
887,Salomon Speedcross 6 ,100.0,124.0,11.0,Salomon,Speedcross 6 
888,Salomon Speedcross 4 GTX ,100.0,0.0,0.0,Salomon,Speedcross 4 GTX 
889,Salomon Wildcross ,120.0,0.0,0.0,Salomon,Wildcross 
890,Salomon Madcross GTX ,130.0,0.0,0.0,Salomon,Madcross GTX 
891,Salomon Sense Ride 4 Lab test ,140.0,77.0,36.0,Salomon,Sense Ride 4 Lab test 
892,Salomon XT-6 Lab test ,75.0,150.0,32.0,Salomon,XT-6 Lab test 
893,Salomon S-Lab Phantasm ,125.0,117.0,35.0,Salomon,S-Lab Phantasm 
894,Salomon Ultra Glide 2 Lab test ,160.0,113.0,25.0,Salomon,Ultra Glide 2 Lab test 
895,Salomon Trailster 2 ,95.0,0.0,0.0,Salomon,Trailster 2 
896,Salomon XA Pro 3D GTX Lab test ,90.0,0.0,0.0,Salomon,XA Pro 3D GTX Lab test 
897,Salomon Alphacross GTX ,265.0,0.0,0.0,Salomon,Alphacross GTX 
898,Salomon Ultra Pro ,170.0,80.0,47.0,Salomon,Ultra Pro 
899,Salomon Glide Max ,100.0,140.0,7.0,Salomon,Glide Max 
900,Salomon Ultra Glide Lab test ,130.0,56.0,60.0,Salomon,Ultra Glide Lab test 
901,Salomon Speedcross Vario 2 ,90.0,0.0,0.0,Salomon,Speedcross Vario 2 
902,Salomon Sense Ride 5 Lab test ,65.0,130.0,7.0,Salomon,Sense Ride 5 Lab test 
903,Salomon Speedcross 5 ,180.0,86.0,34.0,Salomon,Speedcross 5 
904,Salomon Aero Blaze New ,75.0,0.0,0.0,Salomon,Aero Blaze New 
905,Saucony Freedom ISO ,110.0,39.0,76.0,Saucony,Freedom ISO 
906,Saucony Ride 15 Lab test ,130.0,55.0,58.0,Saucony,Ride 15 Lab test 
907,Saucony Endorphin Pro ,160.0,88.0,56.0,Saucony,Endorphin Pro 
908,Saucony Endorphin Shift 3 RunShield New ,150.0,0.0,0.0,Saucony,Endorphin Shift 3 RunShield New 
909,Saucony Hurricane 23 ,180.0,39.0,76.0,Saucony,Hurricane 23 
910,Saucony Guide 13 ,160.0,48.0,60.0,Saucony,Guide 13 
911,Saucony Peregrine 8 ,75.0,50.0,58.0,Saucony,Peregrine 8 
912,Saucony Peregrine 11 GTX ,185.0,52.0,65.0,Saucony,Peregrine 11 GTX 
913,Saucony Endorphin Trail Lab test ,130.0,56.0,65.0,Saucony,Endorphin Trail Lab test 
914,Saucony Guide 15 Lab test ,140.0,50.0,64.0,Saucony,Guide 15 Lab test 
915,Saucony Endorphin Speed 2 Lab test ,170.0,55.0,66.0,Saucony,Endorphin Speed 2 Lab test 
916,Saucony Cohesion 13 ,190.0,35.0,42.0,Saucony,Cohesion 13 
917,Saucony Peregrine 10 ,150.0,45.0,63.0,Saucony,Peregrine 10 
918,Saucony Peregrine 11 Lab test ,110.0,34.0,72.0,Saucony,Peregrine 11 Lab test 
919,Saucony Cortana 4 ,130.0,75.0,50.0,Saucony,Cortana 4 
920,Saucony Zealot ISO 3 ,60.0,90.0,31.0,Saucony,Zealot ISO 3 
921,Saucony Peregrine 13 Lab test ,130.0,79.0,44.0,Saucony,Peregrine 13 Lab test 
922,Saucony Type A9 ,80.0,45.0,55.0,Saucony,Type A9 
923,Saucony Ride 16 ,130.0,80.0,43.0,Saucony,Ride 16 
924,Saucony Xodus 11 ,159.0,59.0,61.0,Saucony,Xodus 11 
925,Saucony Peregrine 12 ST ,184.0,0.0,0.0,Saucony,Peregrine 12 ST 
926,Saucony Ride ISO 2 ,130.0,70.0,42.0,Saucony,Ride ISO 2 
927,Saucony Endorphin Elite ,65.0,0.0,0.0,Saucony,Endorphin Elite 
928,Saucony Triumph ISO 5 ,45.0,61.0,62.0,Saucony,Triumph ISO 5 
929,Saucony Mad River TR 2 ,185.0,55.0,50.0,Saucony,Mad River TR 2 
930,Saucony Freedom 3 ,190.0,48.0,68.0,Saucony,Freedom 3 
931,Saucony Excursion TR 14 ,130.0,40.0,43.0,Saucony,Excursion TR 14 
932,Saucony Omni 20 ,275.0,36.0,72.0,Saucony,Omni 20 
933,Saucony Omni 21 ,110.0,78.0,44.0,Saucony,Omni 21 
934,Saucony Kinvara 11 ,160.0,32.0,71.0,Saucony,Kinvara 11 
935,Saucony Endorphin Shift ,130.0,70.0,50.0,Saucony,Endorphin Shift 
936,Saucony Triumph 18 ,130.0,55.0,63.0,Saucony,Triumph 18 
937,Saucony Cohesion 14 ,130.0,35.0,46.0,Saucony,Cohesion 14 
938,Saucony Cohesion 15 ,120.0,35.0,53.0,Saucony,Cohesion 15 
939,Saucony Freedom 5 ,180.0,60.0,60.0,Saucony,Freedom 5 
940,Saucony Triumph 20 Lab test ,160.0,98.0,39.0,Saucony,Triumph 20 Lab test 
941,Saucony Echelon 9 ,120.0,48.0,68.0,Saucony,Echelon 9 
942,Saucony Guide 10 ,350.0,60.0,50.0,Saucony,Guide 10 
943,Saucony Echelon 8 ,130.0,43.0,67.0,Saucony,Echelon 8 
944,Saucony Ride 13 ,150.0,50.0,62.0,Saucony,Ride 13 
945,Saucony Endorphin Speed ,180.0,70.0,56.0,Saucony,Endorphin Speed 
946,Saucony Endorphin Pro 2 Lab test ,160.0,77.0,62.0,Saucony,Endorphin Pro 2 Lab test 
947,Saucony Axon 2 Lab test ,120.0,40.0,60.0,Saucony,Axon 2 Lab test 
948,Saucony Xodus Ultra 2 ,140.0,140.0,7.0,Saucony,Xodus Ultra 2 
949,Saucony Ride 14 Lab test ,150.0,33.0,75.0,Saucony,Ride 14 Lab test 
950,Saucony Triumph 19 Lab test ,200.0,43.0,71.0,Saucony,Triumph 19 Lab test 
951,Saucony Freedom 4 Lab test ,150.0,38.0,75.0,Saucony,Freedom 4 Lab test 
952,Saucony Endorphin Speed 3 RunShield ,119.0,0.0,0.0,Saucony,Endorphin Speed 3 RunShield 
953,Saucony Triumph 17 ,219.0,0.0,0.0,Saucony,Triumph 17 
954,Saucony Cohesion 12 ,145.0,56.0,7.0,Saucony,Cohesion 12 
955,Saucony Hurricane 22 ,135.0,64.0,60.0,Saucony,Hurricane 22 
956,Saucony Axon Lab test ,100.0,39.0,61.0,Saucony,Axon Lab test 
957,Saucony Switchback 2 ,300.0,56.0,60.0,Saucony,Switchback 2 
958,Saucony Endorphin Speed 3 Lab test ,160.0,140.0,13.0,Saucony,Endorphin Speed 3 Lab test 
959,Saucony Excursion TR 12 ,130.0,40.0,43.0,Saucony,Excursion TR 12 
960,Saucony Kinvara 10 ,160.0,50.0,55.0,Saucony,Kinvara 10 
961,Saucony Omni 19 ,120.0,77.0,41.0,Saucony,Omni 19 
962,Saucony Endorphin Edge Lab test ,120.0,0.0,0.0,Saucony,Endorphin Edge Lab test 
963,Saucony Kinvara 14 Lab test ,100.0,83.0,31.0,Saucony,Kinvara 14 Lab test 
964,Saucony Kinvara 12 Lab test ,150.0,37.0,66.0,Saucony,Kinvara 12 Lab test 
965,Saucony Kinvara 13 Lab test ,160.0,50.0,58.0,Saucony,Kinvara 13 Lab test 
966,Saucony Fastwitch 9 ,65.0,29.0,71.0,Saucony,Fastwitch 9 
967,Saucony Canyon TR ,140.0,40.0,67.0,Saucony,Canyon TR 
968,Saucony Cohesion 11 ,75.0,35.0,42.0,Saucony,Cohesion 11 
969,Saucony Guide 14 Lab test ,130.0,48.0,63.0,Saucony,Guide 14 Lab test 
970,Saucony Excursion TR 13 ,75.0,40.0,33.0,Saucony,Excursion TR 13 
971,Saucony Freedom ISO 2 ,70.0,50.0,69.0,Saucony,Freedom ISO 2 
972,Saucony Xodus 10 ,220.0,42.0,72.0,Saucony,Xodus 10 
973,Saucony Guide ISO 2 ,65.0,45.0,63.0,Saucony,Guide ISO 2 
974,Saucony Peregrine 12 Lab test ,140.0,50.0,62.0,Saucony,Peregrine 12 Lab test 
975,Saucony Endorphin Shift 2 Lab test ,75.0,56.0,60.0,Saucony,Endorphin Shift 2 Lab test 
976,Saucony Endorphin Pro+ Lab test ,130.0,71.0,72.0,Saucony,Endorphin Pro+ Lab test 
977,Saucony Sinister New ,120.0,140.0,7.0,Saucony,Sinister New 
978,Saucony Ride ISO ,75.0,91.0,24.0,Saucony,Ride ISO 
979,Saucony Endorphin Shift 3 Lab test ,140.0,89.0,41.0,Saucony,Endorphin Shift 3 Lab test 
980,Saucony Canyon TR 2 New ,75.0,103.0,14.0,Saucony,Canyon TR 2 New 
981,Saucony Cohesion 10 ,177.0,40.0,33.0,Saucony,Cohesion 10 
982,Saucony Xodus Ultra Lab test ,130.0,80.0,47.0,Saucony,Xodus Ultra Lab test 
983,Saucony Endorphin Pro 3 Lab test ,170.0,0.0,0.0,Saucony,Endorphin Pro 3 Lab test 
984,Saucony Ride 15 TR ,160.0,102.0,27.0,Saucony,Ride 15 TR 
985,Saucony Guide 16 Lab test ,90.0,85.0,39.0,Saucony,Guide 16 Lab test 
986,Saucony Tempus Lab test ,140.0,115.0,28.0,Saucony,Tempus Lab test 
987,Scarpa Ribelle Run ,130.0,0.0,0.0,Scarpa,Ribelle Run 
988,Scarpa Golden Gate ATR ,100.0,112.0,19.0,Scarpa,Golden Gate ATR 
989,Scarpa Spin Ultra ,55.0,75.0,32.0,Scarpa,Spin Ultra 
990,Scarpa Spin Infinity ,100.0,95.0,40.0,Scarpa,Spin Infinity 
991,Scott Kinabalu ,180.0,62.0,56.0,Scott,Kinabalu 
992,Scott Supertrac Ultra RC ,130.0,160.0,11.0,Scott,Supertrac Ultra RC 
993,Scott Supertrac 2.0 ,160.0,0.0,0.0,Scott,Supertrac 2.0 
994,Skechers GOrun Razor+ ,110.0,43.0,68.0,Skechers,GOrun Razor+ 
995,Skechers GOrun MaxRoad 5 ,200.0,50.0,63.0,Skechers,GOrun MaxRoad 5 
996,Skechers GOrun Razor Excess 2 ,130.0,69.0,51.0,Skechers,GOrun Razor Excess 2 
997,Skechers GOrun Razor 4 New ,160.0,99.0,24.0,Skechers,GOrun Razor 4 New 
998,Skechers GOrun Razor Excess Lab test ,140.0,41.0,71.0,Skechers,GOrun Razor Excess Lab test 
999,Skechers GOrun Ride 9 ,200.0,65.0,50.0,Skechers,GOrun Ride 9 
1000,Skechers GOrun 7 ,200.0,72.0,42.0,Skechers,GOrun 7 
1001,Skechers GOrun Speed Freek ,80.0,75.0,63.0,Skechers,GOrun Speed Freek 
1002,Skechers GOrun 7+ ,140.0,45.0,65.0,Skechers,GOrun 7+ 
1003,Skechers GOrun Razor TRL ,180.0,80.0,43.0,Skechers,GOrun Razor TRL 
1004,Skechers Max Cushioning Premier - Expressive ,130.0,80.0,11.0,Skechers,Max Cushioning Premier - Expressive 
1005,Skechers GOrun Horizon ,100.0,36.0,58.0,Skechers,GOrun Horizon 
1006,Skechers Max Cushioning Elite Lab test ,145.0,49.0,46.0,Skechers,Max Cushioning Elite Lab test 
1007,Skechers GOrun MaxRoad 4+ Hyper ,130.0,0.0,0.0,Skechers,GOrun MaxRoad 4+ Hyper 
1008,Skechers GOrun Forza 4 Hyper ,90.0,130.0,10.0,Skechers,GOrun Forza 4 Hyper 
1009,Skechers GORUN Ride 10 ,160.0,79.0,46.0,Skechers,GORUN Ride 10 
1010,The North Face Vectiv Enduris ,90.0,70.0,50.0,The North Face, Vectiv Enduris 
1011,The North Face Vectiv Infinite ,200.0,108.0,36.0,The North Face, Vectiv Infinite 
1012,The North Face Flight Vectiv ,190.0,88.0,56.0,The North Face, Flight Vectiv 
1013,The North Face Vectiv Eminus ,132.0,90.0,30.0,The North Face, Vectiv Eminus 
1014,Topo Athletic Cyclone 2 ,80.0,0.0,0.0,Topo Athletic, Cyclone 2 
1015,Topo Athletic Ultraventure 3 ,150.0,0.0,0.0,Topo Athletic, Ultraventure 3 
1016,Topo Athletic Magnifly 4 ,130.0,0.0,0.0,Topo Athletic, Magnifly 4 
1017,Topo Athletic MTN Racer 2 ,70.0,95.0,35.0,Topo Athletic, MTN Racer 2 
1018,Topo Athletic Ultrafly 4 ,130.0,94.0,30.0,Topo Athletic, Ultrafly 4 
1019,Topo Athletic Terraventure 3 ,160.0,81.0,35.0,Topo Athletic, Terraventure 3 
1020,Topo Athletic Phantom ,80.0,87.0,33.0,Topo Athletic, Phantom 
1021,Topo Athletic Ultraventure 2 ,180.0,92.0,32.0,Topo Athletic, Ultraventure 2 
1022,Topo Athletic Phantom 2 ,70.0,90.0,36.0,Topo Athletic, Phantom 2 
1023,Topo Athletic Ultrafly 3 ,160.0,50.0,62.0,Topo Athletic, Ultrafly 3 
1024,Topo Athletic Pursuit ,120.0,0.0,0.0,Topo Athletic, Pursuit 
1025,Topo Athletic Runventure 3 ,130.0,90.0,25.0,Topo Athletic, Runventure 3 
1026,Topo Athletic Terraventure 2 ,184.0,0.0,0.0,Topo Athletic, Terraventure 2 
1027,Topo Athletic Specter ,148.0,121.0,24.0,Topo Athletic, Specter 
1028,Under Armour Charged Assert 9 ,120.0,31.0,56.0,Under Armour, Charged Assert 9 
1029,Under Armour Charged Rogue 2 ,150.0,46.0,43.0,Under Armour, Charged Rogue 2 
1030,Under Armour HOVR Sonic 4 ,150.0,48.0,56.0,Under Armour, HOVR Sonic 4 
1031,Under Armour Charged Impulse 2 ,160.0,45.0,40.0,Under Armour, Charged Impulse 2 
1032,Under Armour HOVR Infinite 2 ,90.0,75.0,38.0,Under Armour, HOVR Infinite 2 
1033,Under Armour HOVR Machina 3 ,90.0,110.0,27.0,Under Armour, HOVR Machina 3 
1034,Under Armour SpeedForm Slingshot 2 ,230.0,37.0,63.0,Under Armour, SpeedForm Slingshot 2 
1035,Under Armour SpeedForm Gemini 2 ,120.0,0.0,0.0,Under Armour, SpeedForm Gemini 2 
1036,Under Armour HOVR Infinite 4 ,120.0,78.0,35.0,Under Armour, HOVR Infinite 4 
1037,Under Armour HOVR Phantom SE ,140.0,0.0,0.0,Under Armour, HOVR Phantom SE 
1038,Under Armour HOVR Infinite 3 ,160.0,56.0,53.0,Under Armour, HOVR Infinite 3 
1039,Under Armour Charged Vantage 2 ,70.0,47.0,41.0,Under Armour, Charged Vantage 2 
1040,Under Armour HOVR Sonic 3 ,125.0,42.0,62.0,Under Armour, HOVR Sonic 3 
1041,Under Armour Charged Rogue 3 ,100.0,34.0,58.0,Under Armour, Charged Rogue 3 
1042,Under Armour Charged Escape 3 ,100.0,37.0,59.0,Under Armour, Charged Escape 3 
1043,Under Armour Charged Verssert ,160.0,52.0,31.0,Under Armour, Charged Verssert 
1044,Under Armour HOVR Machina ,150.0,80.0,47.0,Under Armour, HOVR Machina 
1045,Under Armour Charged Bandit Trail 2 ,250.0,56.0,38.0,Under Armour, Charged Bandit Trail 2 
1046,Under Armour HOVR Mega 2 Clone ,130.0,85.0,39.0,Under Armour, HOVR Mega 2 Clone 
1047,Under Armour Charged Vantage ,170.0,41.0,49.0,Under Armour, Charged Vantage 
1048,Under Armour HOVR Infinite Camo ,160.0,55.0,54.0,Under Armour, HOVR Infinite Camo 
1049,Under Armour HOVR Sonic 2 ,150.0,34.0,66.0,Under Armour, HOVR Sonic 2 
1050,Under Armour Charged Rogue 2.5 ,160.0,43.0,46.0,Under Armour, Charged Rogue 2.5 
1051,Under Armour HOVR Machina 2 ,160.0,88.0,41.0,Under Armour, HOVR Machina 2 
1052,Under Armour Charged Breeze ,160.0,52.0,42.0,Under Armour, Charged Breeze 
1053,Under Armour Charged Pursuit 2 ,120.0,45.0,36.0,Under Armour, Charged Pursuit 2 
1054,Under Armour Runplay ,220.0,54.0,10.0,Under Armour, Runplay 
1055,Under Armour Charged Bandit ,80.0,50.0,50.0,Under Armour, Charged Bandit 
1056,Under Armour Charged Bandit 2 ,100.0,63.0,37.0,Under Armour, Charged Bandit 2 
1057,Under Armour HOVR Phantom 3 ,220.0,110.0,21.0,Under Armour, HOVR Phantom 3 
1058,Under Armour Charged Bandit Trail ,175.0,34.0,58.0,Under Armour, Charged Bandit Trail 
1059,Under Armour Charged Assert 8 ,180.0,47.0,33.0,Under Armour, Charged Assert 8 
1060,Under Armour HOVR Phantom 2 ,139.0,120.0,20.0,Under Armour, HOVR Phantom 2 
1061,Under Armour Charged Impulse ,110.0,44.0,41.0,Under Armour, Charged Impulse 
1062,Under Armour HOVR Machina Off Road ,120.0,63.0,61.0,Under Armour, HOVR Machina Off Road 
1063,Under Armour Charged Pursuit 3 ,150.0,31.0,56.0,Under Armour, Charged Pursuit 3 
1064,Under Armour HOVR Infinite ,150.0,65.0,46.0,Under Armour, HOVR Infinite 
1065,Under Armour Flow Velociti Wind 2 ,90.0,99.0,38.0,Under Armour, Flow Velociti Wind 2 
1066,Under Armour HOVR Sonic 5 ,80.0,32.0,71.0,Under Armour, HOVR Sonic 5 
1067,Under Armour Charged Bandit 3 ,139.0,55.0,45.0,Under Armour, Charged Bandit 3 
1068,Under Armour Fat Tire ,150.0,0.0,0.0,Under Armour, Fat Tire 
1069,Under Armour HOVR Phantom ,245.0,72.0,45.0,Under Armour, HOVR Phantom 
1070,Under Armour Flow Velociti Wind ,130.0,77.0,52.0,Under Armour, Flow Velociti Wind 
1071,Under Armour Charged Rogue ,130.0,41.0,49.0,Under Armour, Charged Rogue 
1072,Under Armour Surge 2 ,80.0,57.0,5.0,Under Armour, Surge 2 
1073,Veja Marlin ,150.0,130.0,30.0,Veja,Marlin 
1074,Vibram FiveFingers V-Trail 2.0 ,140.0,45.0,63.0,Vibram FiveFingers, V-Trail 2.0 
1075,Vibram FiveFingers KSO EVO ,160.0,73.0,19.0,Vibram FiveFingers, KSO EVO 
1076,Vibram FiveFingers V-Trail ,120.0,0.0,0.0,Vibram FiveFingers, V-Trail 
1077,Vivobarefoot Primus Trail FG ,165.0,117.0,22.0,Vivobarefoot,Primus Trail FG 
1078,Vivobarefoot Primus Lite ,130.0,0.0,0.0,Vivobarefoot,Primus Lite 
1079,Vivobarefoot ESC Tempest ,170.0,79.0,72.0,Vivobarefoot,ESC Tempest 
1080,Vivobarefoot Primus Lite III ,140.0,0.0,0.0,Vivobarefoot,Primus Lite III 
1081,Vivobarefoot Primus Knit ,160.0,142.0,17.0,Vivobarefoot,Primus Knit 
1082,Xero Shoes Zelen ,185.0,0.0,0.0,Xero Shoes, Zelen 
1083,Xero Shoes HFS ,180.0,0.0,0.0,Xero Shoes, HFS 
1084,Xero Shoes Prio ,150.0,0.0,0.0,Xero Shoes, Prio 
1085,Xero Shoes Mesa Trail ,160.0,0.0,0.0,Xero Shoes, Mesa Trail 
1086,Xero Shoes Speed Force ,65.0,0.0,0.0,Xero Shoes, Speed Force 
